A,,1229900
AA,2.71,2807900
AAGPRT,,
AAI,,419900
AAP,,660500
AAR,16.32,5300
ABC,0.18,1337100
ABF,1.06,336400
ABG,,18300
ABI,1.00,731200
ABJ,6.90,7300
ABK,0.71,488400
ABM,2.44,89800
ABNPRA,,
ABNPRB,,
ABS,3.32,1721300
ABT,2.40,9051500
ABWPRA,,
AC,5.63,128300
ACA,6.96,3400
ACF,,15476300
ACG,11.73,616000
ACI,1.09,86300
ACO,2.04,21900
ACP,,5900
ACPPR,,
ACR,,900
ACS,,1681100
ACV,0.70,248100
ACVA,,
AD,,74800
ADC,10.82,15400
ADF,9.31,21000
ADI,,3525000
ADM,1.90,1223400
ADP,1.32,2590600
ADS,,55700
ADX,0.73,71500
AEC,10.64,20100
AECPRA,,
AEE,6.15,797200
AEEPRE,,
AEF,7.97,33200
AEP,8.85,2348300
AEPPRA,,
AES,,2600600
AESPRC,,
AET,0.09,1134400
AF,2.92,292800
AFB,7.15,27400
AFC,1.62,727900
AFG,2.17,92500
AFGPRT,,
AFK,6.51,21000
AFL,0.75,937900
AG,0.22,2046900
AGCPRA,,
AGCPRB,,
AGE,1.99,641200
AGI,,409300
AGL,1.90,43600
AGM,,123300
AGN,0.59,1455000
AGP,,485000
AGRA,,
AGRB,,
AGY,,123300
AH,,69900
AHC,2.11,496600
AHG,,348000
AHR,12.68,147900
AHS,,179300
AIG,0.30,5078400
AIN,0.96,98100
AIQ,,98900
AIR,1.83,36600
AIT,2.74,43600
AIV,8.72,287900
AIVPRC,,
AIVPRD,,
AIVPRG,,
AIVPRH,,
AIVPRP,,
AIVPRQ,,
AIVPRR,,
AIZ,30.27,6100
AJB,7.17,9600
AJC,7.30,7200
AJG,2.14,301900
AKB,6.97,4000
AKP,6.78,31300
AKR,6.93,10200
AKS,3.13,481300
ALB,1.92,123200
ALD,9.78,402300
ALE,5.13,217700
ALEPR,,
ALG,1.97,3200
ALK,,133600
ALL,2.24,2159600
ALM,5.56,5700
ALN,,732500
ALNPRD,,
ALO,1.06,343100
ALPPRN,,
ALPPRO,,
ALX,,300
AM,2.69,289000
AMB,6.28,1078100
AMBPRA,,
AMD,,23208000
AME,0.61,151100
AMF,11.67,44400
AMG,,237600
AMGPRI,,
AMH,1.34,130100
AML,8.98,102200
AMN,2.14,3800
AMO,10.21,8500
AMR,,2577900
AMT,,1914900
AMU,7.82,14900
AMZ,,43500
AN,,883200
ANF,,1920200
ANJPR,,
ANL,7.09,3300
ANN,,1324200
ANS,,1800
ANT,,90500
ANUPR,,
AOC,2.92,1015800
AOF,4.11,16500
AOL,,18729200
AOPRA,,
AOR,,162700
AOS,2.14,100000
AOT,,427200
AP,3.04,7500
APA,0.65,6651400
APB,,5300
APC,0.86,1793200
APD,1.93,632300
APF,0.10,137000
APH,,260300
APN,,66200
APS,,253700
APU,9.21,35100
APX,7.18,17300
ARB,,98100
ARE,4.90,31600
AREPRA,,
AREPRB,,
ARG,,123400
ARI,9.22,75500
ARJ,4.02,31300
ARK,12.36,127100
ARL,,300
ARM,2.32,377100
ARO,,189300
ARW,,698000
ASD,,559500
ASF,,290400
ASG,10.02,33600
ASH,3.96,247900
ASN,7.63,395700
ASNPRA,,
ASNPRD,,
ASO,4.43,1563700
ASP,7.18,100
ASV,,7600
AT,2.71,900400
ATG,4.53,143300
ATGPR,,
ATH,,1572700
ATI,3.60,214400
ATK,,254300
ATL,,0
ATN,0.61,168400
ATO,5.29,136300
ATPR,,
ATR,0.79,27000
ATU,,95600
ATV,4.01,125100
ATW,,79300
AV,,809300
AVA,4.15,142200
AVAPRA,,
AVB,7.35,174600
AVBPRD,,
AVBPRH,,
AVL,,37900
AVO,,147600
AVO,,147600
AVP,1.53,890600
AVT,2.61,518400
AVU,20.76,1800
AVX,1.47,437200
AVY,2.33,484600
AW,,308800
AWA,,148900
AWE,,8548800
AWF,9.72,163000
AWG,8.94,6200
AWR,3.76,20200
AXE,,95100
AXL,,534400
AXP,0.86,2932700
AXPPRA,,
AXR,,700
AYE,17.46,2107100
AYI,4.29,65200
AYN,6.88,2500
AYZ,7.43,43600
AZO,,1618000
AZR,,196200
AZZ,,1700
B,3.81,33800
BA,2.03,2034900
BAC,3.61,5084500
BACPRV,,
BACPRW,,
BACPRX,,
BACPRY,,
BAF,6.00,1300
BAT,5.94,16900
BAX,1.90,2807300
BAXPR,,
BBA,,168600
BBCPRA,,
BBF,6.48,900
BBI,0.54,1218100
BBK,7.28,16100
BBR,3.53,3400
BBT,3.11,844900
BBX,1.27,129300
BBY,,3679300
BC,2.47,280100
BCC,2.15,344500
BCF,0.11,40100
BCK,6.21,5200
BCR,1.56,183200
BDF,6.72,400
BDG,3.26,51900
BDGA,,
BDJ,,0
BDK,1.20,2461500
BDN,8.52,86300
BDX,1.33,1052000
BE,,854700
BEC,1.23,209800
BED,7.83,28800
BEN,0.84,543900
BEP,8.22,500
BER,0.91,226600
BEV,,833000
BEZ,2.57,65700
BFA,,
BFB,,
BFC,4.74,6200
BFK,7.27,70600
BFS,6.80,759200
BFT,,451000
BFZ,6.91,16200
BG,1.48,378200
BGC,5.49,82000
BGEPRA,,
BGG,2.96,132400
BGIPRT,,
BGP,,199800
BGS,,0
BHD,10.21,23300
BHE,,512200
BHI,1.47,1675900
BHK,8.51,62400
BHS,,501800
BHY,11.64,20400
BID,,90500
BIE,6.44,0
BIF,7.21,35500
BJ,,972300
BJS,,2182600
BJZ,5.59,1100
BK,2.81,2570600
BKE,,6500
BKF,,2900
BKH,4.47,94900
BKI,,34900
BKN,6.42,14300
BKPRD,,
BKPRE,,
BKS,,598000
BKT,7.84,120100
BLC,1.33,341400
BLH,5.44,8000
BLI,,1035900
BLK,,77400
BLL,0.68,357200
BLN,4.70,5400
BLS,3.08,3863200
BLT,,9600
BLU,9.66,78900
BMC,,2077100
BMM,0.61,123600
BMN,5.30,10400
BMS,2.11,275200
BMT,5.38,12500
BMY,4.50,12858500
BMYPR,,
BN,2.03,93700
BNA,7.10,14800
BNE,1.85,58600
BNI,1.80,1178700
BNJ,6.44,12200
BNK,2.55,360900
BNY,6.73,19900
BOH,2.52,297800
BOL,1.44,182300
BOW,1.82,308600
BOY,7.92,17100
BOYPRA,,
BPK,5.80,28200
BPL,6.28,13700
BPT,15.12,115800
BQH,6.93,5000
BQT,4.12,42600
BR,1.28,880500
BRC,2.48,65200
BRE,6.31,500000
BREPRA,,
BREPRB,,
BRF,4.77,13400
BRKA,,
BRKB,,
BRL,,517400
BRM,4.81,11900
BRO,0.71,265200
BRT,9.02,1300
BRW,,1629200
BRX,,0
BRY,2.38,15600
BSC,1.05,961100
BSCPRA,,
BSCPRE,,
BSCPRF,,
BSCPRG,,
BSCPRX,,
BSCPRY,,
BSE,6.32,900
BSG,,507900
BSH,4.19,9900
BSP,8.84,14300
BSX,,3569100
BTAPRA,,
BTF,0.24,5600
BTH,0.79,158000
BTO,1.53,138600
BTT,,
BTU,1.46,107800
BUD,1.56,1919800
BUFPRC,,
BVC,,234700
BVS,23.79,3700
BW,7.86,34900
BWA,1.36,104500
BWC,1.35,71900
BWEPR,,
BWS,1.41,110100
BXG,,9600
BXP,6.86,196900
BXS,3.29,46100
BXSPRA,,
BY,,20900
BYD,,95300
BYM,6.42,10600
BZ,3.91,700
BZA,6.96,0
BZF,2.18,14100
BZH,,403900
BZL,0.80,4800
C,1.94,11218000
CA,0.53,4945200
CAE,2.49,10200
CAG,3.85,1081000
CAGPRB,,
CAH,0.17,2463300
CAI,,413900
CAL,,1487100
CAM,,835100
CAO,,326100
CAT,2.96,1407100
CAV,,11700
CB,2.50,1308200
CBC,,69100
CBE,3.78,610100
CBF,7.00,5600
CBG,,
CBGPRC,,
CBH,1.45,632400
CBK,,180000
CBL,6.83,78000
CBLPRA,,
CBLPRB,,
CBM,0.42,131200
CBO,6.73,10900
CBPRA,,
CBR,,61700
CBT,2.06,129600
CBU,3.42,9200
CBZ,,44300
CC,0.97,3565900
CCB,7.38,38700
CCC,1.95,56300
CCE,0.70,731100
CCI,,1590000
CCK,,1482000
CCL,1.67,1897100
CCPPRA,,
CCS,7.82,1100
CCT,7.35,2500
CCU,,2448800
CCWI,,
CCZ,6.03,200
CD,,4885800
CDC,15.00,6700
CDD,7.46,0
CDE,,2314100
CDI,,17200
CDN,,2257400
CDT,,49200
CDX,,364600
CE,,2929600
CEE,1.53,8700
CEG,3.49,477000
CEI,9.47,269400
CEIPRA,,
CEIPRB,,
CEN,,373800
CERPR,,
CEW,5.44,8200
CEY,,175800
CF,3.02,1116900
CFB,1.51,91600
CFC,0.90,580400
CFD,12.60,59900
CFE,8.07,6000
CFI,,29400
CFN,8.21,1500
CFP,8.74,6800
CFR,2.70,110900
CG,7.87,190900
CGC,5.02,11800
CGD,10.55,6700
CGI,3.40,20800
CGK,11.51,1000
CGO,,165700
CGPPRT,,
CGV,6.96,3100
CGX,,39700
CH,0.26,1100
CHB,,170400
CHD,0.97,72700
CHE,1.34,17200
CHG,4.72,45300
CHH,,27500
CHI,9.23,277400
CHK,1.43,1663900
CHKPR,,
CHN,0.42,37600
CHP,0.28,67700
CHS,,1395100
CHX,0.71,13400
CHZ,3.07,81300
CHZPRA,,
CI,2.85,1004200
CIA,,12700
CIC,7.80,28500
CIF,9.82,30500
CIHPRA,,
CIK,10.25,109900
CIL,7.29,1700
CIN,5.51,824300
CINPRA,,
CINPRB,,
CINPRC,,
CINPRI,,
CINPRJ,,
CIP,7.88,12700
CIR,0.91,9200
CIT,2.23,375800
CIVPRB,,
CIVPRC,,
CIVPRD,,
CIX,6.25,2500
CJO,7.63,900
CK,3.03,204400
CKC,,78600
CKH,,134900
CKI,11.68,500
CKP,,130100
CKR,,333700
CL,1.33,1859500
CLC,1.40,125900
CLD,2.15,6400
CLE,0.64,586400
CLF,,9900
CLH,7.00,700
CLI,8.74,199000
CLM,16.72,3900
CLP,7.85,39000
CLPPRA,,
CLPPRC,,
CLPR,,
CLX,2.18,1536800
CMA,4.39,1823300
CMAPRZ,,
CMC,2.02,118500
CME,,118100
CMH,0.50,277000
CMK,7.77,10200
CMM,,15500
CMMPRB,,
CMMPRF,,
CMMPRG,,
CMN,,12100
CMO,21.58,420200
CMOPRA,,
CMOPRB,,
CMS,7.24,2542700
CMSPRA,,
CMSPRB,,
CMSPRJ,,
CMSPRK,,
CMSPRL,,
CMSPRM,,
CMSPRN,,
CMU,7.86,40000
CMV,7.30,4900
CMX,,1477900
CNA,,138500
CNB,4.14,215900
CNBPRA,,
CNF,1.17,171200
CNFPRT,,
CNJ,,6000
CNL,5.70,245400
CNN,10.40,6500
CNO,,
CNP,7.71,866000
CNPPRA,,
CNPPRC,,
CNPWI,,
CNT,4.37,32000
CNTPRA,,
CNX,3.30,219300
COA,1.49,58800
COE,,97200
COF,0.30,9584300
COFPRC,,
COG,0.67,102700
COH,,680900
COL,1.64,617800
COO,0.24,482100
COP,3.32,1725600
COX,,1509700
COY,12.52,98400
CPB,2.54,1799100
CPC,0.34,56000
CPE,,90600
CPEPRA,,
CPF,1.47,22600
CPG,6.03,336200
CPJ,10.01,82800
CPK,5.68,1900
CPN,,7329400
CPO,1.30,176400
CPP,7.94,200
CPRF,,
CPRG,,
CPRH,,
CPRM,,
CPRN,,
CPRQ,,
CPRR,,
CPRV,,
CPRW,,
CPRX,,
CPRZ,,
CPS,,131500
CPT,7.80,158400
CPV,7.56,9200
CPY,3.90,7600
CPZPRA,,
CQB,,219200
CQBWS,,
CR,1.99,181800
CRA,,1140900
CRC,,0
CRDA,,
CRDB,,
CRE,8.31,303200
CREPRB,,
CREPRC,,
CREPRD,,
CRF,16.57,12000
CRH,7.36,2200
CRK,,45300
CRL,,625700
CRN,,19000
CRO,,19100
CRR,1.08,16600
CRS,2.62,57800
CRT,11.77,11600
CRY,,203800
CSC,,1194500
CSDPRA,,
CSK,4.99,28800
CSL,1.98,129000
CSP,8.68,22000
CSS,,2300
CSU,,3800
CSV,,42500
CSX,1.37,1150100
CT,,0
CTA,3.11,37500
CTB,2.73,410700
CTG,,3800
CTI,,15000
CTL,0.68,1155900
CTLPRA,,
CTR,2.95,127700
CTS,1.50,94600
CTV,,260800
CTX,0.30,795000
CUM,4.30,476400
CUR,,
CUZ,6.28,116500
CV,4.93,11500
CVB,2.79,10400
CVC,,1768500
CVD,,184900
CVEPR,,
CVEPRL,,
CVEPRU,,
CVG,,281200
CVH,,936800
CVI,7.65,300
CVS,0.90,1373300
CVT,7.03,36600
CVW,8.62,0
CVX,4.10,2502100
CW,0.96,8500
CW.B,0.96,0
CWEPRT,,
CWF,12.73,25100
CWN,9.01,42000
CWNPRA,,
CWT,4.40,47800
CWZ,10.87,500
CXE,8.03,20800
CXH,6.57,6700
CXP,0.56,24700
CXR,,169300
CXT,5.33,1600
CXW,,34600
CXWPRA,,
CXWPRB,,
CY,,879300
CYE,13.27,120400
CYF,8.22,500
CYG,8.75,600
CYH,,1334100
CYK,11.87,2100
CYN,1.70,193800
CYP,7.33,3500
CYR,7.85,3000
CYT,,99600
CZB,7.38,8100
CZN,,843300
CZNPR,,
D,4.66,1228600
DAB,,48800
DAL,0.78,1877900
DBD,1.61,318300
DCA,8.16,2100
DCI,0.96,161200
DCN,0.35,475500
DCO,,21700
DCP,8.69,68000
DCQ,6.76,14800
DD,3.30,2722800
DDE,2.13,12200
DDF,10.64,7100
DDPRA,,
DDPRB,,
DDR,7.09,135300
DDRPRC,,
DDRPRD,,
DDRPRF,,
DDS,0.94,468900
DDT,10.31,8700
DE,1.96,663400
DEL,0.94,19400
DF,,1251300
DFG,0.85,31800
DFS,,12800
DFT,9.29,600
DG,1.06,677300
DGF,10.33,3800
DGX,,758800
DHF,17.55,274700
DHI,1.19,1335500
DHM,8.74,4700
DHR,0.15,1015900
DHY,13.13,89900
DIS,1.16,6628200
DIV,7.44,11900
DJ,2.32,571100
DJO,,5900
DJT,,73100
DKA,3.77,500
DKC,4.07,200
DKE,13.32,119700
DKS,,66000
DL,0.80,305100
DLM,,2359000
DLP,1.02,167600
DLW,,7200
DLX,3.66,390600
DMGPRA,,
DMN,4.03,41100
DNA,,3670900
DNB,,217100
DNP,7.41,218500
DNR,,375200
DNY,4.30,200500
DO,2.26,673900
DOL,1.83,134000
DOM,10.18,30200
DOV,1.80,467100
DOW,4.30,2540000
DP,0.69,114700
DPH,3.17,1529400
DPL,6.00,230200
DPRA,,
DPRU,,
DQC,6.06,8400
DQE,6.45,225200
DQPRA,,
DQUPRA,,
DQUPRB,,
DQUPRC,,
DQUPRD,,
DQUPRE,,
DQUPRG,,
DQZ,7.38,2500
DRD,,288500
DRE,7.37,304600
DREPRD,,
DREPRE,,
DREPRI,,
DRF,,2900
DRI,0.36,544800
DRL,1.50,166100
DRQ,,19400
DRS,,141600
DSL,0.89,273600
DSM,7.18,73800
DSS,,423200
DST,,294900
DSU,17.84,347000
DSW,6.83,5000
DTA,7.48,3400
DTB,7.45,1000
DTE,4.52,517300
DTEPRA,,
DTEPRB,,
DTF,6.20,4900
DTG,,155000
DTH,7.28,5200
DUC,7.54,19100
DUK,6.08,4630200
DUKPRA,,
DUKPRQ,,
DUKPRT,,
DUKPRU,,
DUKPRV,,
DUKPRW,,
DUR,12.94,96000
DUT,6.42,15100
DV,,389700
DVA,,1019000
DVD,1.03,12900
DVI,,10100
DXB,7.71,20000
DY,,268900
DYN,11.45,19920200
EAC,,18900
EAIPRA,,
EAS,4.50,331100
EAT,,391300
EBF,5.21,17300
EC,1.78,429200
ECL,1.16,309600
ECT,7.72,22200
ED,5.37,950300
EDE,6.70,38400
EDEPRD,,
EDF,13.07,35400
EDL,7.73,2000
EDO,0.60,51800
EDPRA,,
EDPRC,,
EDS,3.00,5416200
EDSPRI,,
EDV,6.90,32300
EE,,75400
EEP,8.54,79200
EEQ,2.39,19200
EF,12.03,14200
EFL,9.95,6100
EFX,0.35,399400
EGN,2.45,96100
EGP,7.58,17300
EGPPRA,,
EGSPRA,,
EHA,6.30,10300
EHB,1.27,31200
EHL,7.28,6600
EIX,,758800
EIXPRA,,
EIXPRB,,
EK,4.64,2422300
EL,0.76,1225500
ELK,1.23,590800
ELX,,4634300
ELY,2.27,920800
EMC,,23072700
EMD,11.70,7500
EME,,146200
EMF,1.70,21900
EMN,4.73,253700
EMO,7.65,500
EMQ,1.59,20100
EMR,3.09,1037400
ENC,,11100
ENN,8.89,51400
ENNPRA,,
ENP,,
ENR,,574300
ENSPRF,,
ENZ,,81600
EOG,0.40,689700
EOP,8.25,1273100
EOPPRB,,
EOPPRC,,
EOPPRE,,
EOPPRF,,
EOPPRG,,
EP,8.90,10905800
EPB,6.75,21200
EPD,7.36,446600
EPI,6.87,11000
EPL,,34100
EPN,8.78,94100
EPPRA,,
EPPRC,,
EPR,8.11,43800
EPRPRA,,
EQR,7.05,1289700
EQRPRB,,
EQRPRC,,
EQRPRD,,
EQRPRE,,
EQRPRG,,
EQRPRH,,
EQRPRL,,
EQS,,1100
EQT,1.86,152800
EQY,8.21,88300
ERE,7.26,4300
ESA,,208500
ESE,,18100
ESI,,237600
ESL,,86600
ESS,6.04,209700
ESV,0.36,1796100
ET,,3306600
ETF,,7800
ETH,0.72,424400
ETM,,229800
ETN,2.34,423100
ETR,2.91,888100
ETR,2.91,888100
ETS,,1659200
ETT,,29400
EV,1.07,227900
EVC,,278900
EVF,6.53,59800
EVG,,129100
EVN,7.76,25200
EW,,246100
EWF,1.20,22600
EXC,3.24,901900
EY,,6700
EYE,,120400
F,3.84,8473200
FA,,20300
FAF,1.71,225600
FB,14.49,314200
FBAPRT,,
FBC,1.75,269900
FBCPRO,,
FBCPRP,,
FBF,5.10,3123100
FBFPRJ,,
FBFPRK,,
FBFPRL,,
FBFPRM,,
FBN,,390100
FBR,,219600
FC,,53100
FCEA,,
FCEB,,
FCF,4.98,36700
FCH,5.31,250000
FCHPRA,,
FCHPRB,,
FCJ,7.58,24300
FCN,,235500
FCO,6.90,16900
FCP,3.74,500
FCS,,2201200
FCX,,2454300
FCXPRA,,
FCXPRB,,
FCXPRC,,
FCXPRD,,
FCZ,7.46,52400
FD,,2198700
FDC,0.22,2243800
FDO,0.94,690900
FDS,0.70,309900
FDX,0.36,1120600
FE,4.58,960500
FED,,61600
FF,1.18,16200
FFG,2.05,9200
FGP,9.77,34200
FIC,0.18,246300
FIF,,102400
FIGPRA,,
FIGPRB,,
FII,0.89,364300
FIX,,16200
FJC,3.75,78700
FJCPRA,,
FLA,0.39,19200
FLAB,,
FLE,1.96,419100
FLM,1.79,790500
FLO,0.28,112800
FLR,2.12,421200
FLS,,676800
FLTPRG,,
FLTPRH,,
FLTPRI,,
FMC,,91700
FMI,6.51,2100
FMK,,20900
FMN,,14800
FMT,1.86,148100
FMTPR,,
FNF,1.42,514100
FNM,1.91,2926600
FNMPRF,,
FNMPRG,,
FNMPRH,,
FNMPRI,,
FNMPRJ,,
FO,2.33,513100
FOB,,10700
FOE,2.47,323200
FON,3.23,3764400
FOPRA,,
FOX,,1821300
FPCPRA,,
FPF,,21300
FPL,3.96,717000
FPLPRA,,
FPLPRB,,
FPRS,,
FPRT,,
FPT,,11000
FR,9.89,158700
FRC,,14600
FRE,1.38,2100200
FREPRB,,
FREPRD,,
FREPRF,,
FREPRG,,
FREPRH,,
FREPRK,,
FREPRL,,
FREPRM,,
FREPRN,,
FREPRO,,
FREPRP,,
FREPRQ,,
FREPRR,,
FRF,,600
FRK,1.14,76100
FRPRC,,
FRPRD,,
FRPRE,,
FRT,7.14,154400
FRTPRA,,
FRTPRB,,
FRX,,3588700
FSA,6.85,0
FSB,6.57,6700
FSE,1.12,204700
FSH,,356400
FSS,4.20,920200
FST,,860700
FT,9.96,52000
FTD,6.08,2600
FTI,,199500
FTN,3.20,481200
FTO,1.33,165300
FTS,,335100
FUL,1.64,144100
FUN,7.19,83100
FUR,22.99,13000
FURPRA,,
FVB,2.97,167400
FWC,,112300
FWCPRA,,
FWJ,7.24,13700
G,2.03,3536400
GAB,13.81,191000
GABPR,,
GABPRB,,
GAM,0.86,24300
GAMPR,,
GAP,,161400
GAS,5.46,144400
GB,,70300
GBL,,10300
GBLPRI,,
GBM,5.31,414800
GBP,9.57,79300
GBPPRA,,
GCH,0.42,20200
GCI,1.30,616200
GCO,,96300
GCV,8.85,32600
GCVPR,,
GD,1.56,3671100
GDF,12.37,20400
GDI,,40000
GDP,,11900
GDT,,1201900
GDW,0.46,627000
GE,3.04,25295100
GEA,6.13,78400
GEC,5.87,118600
GEF,2.28,7600
GEF.B,2.28,0
GEG,,32300
GER,0.20,15100
GES,,119700
GET,,16400
GF,,44200
GFF,,78600
GFR,0.61,3800
GGC,1.31,110800
GGG,1.19,104300
GGP,5.91,170100
GGPPRA,,
GGT,0.09,41700
GGTPR,,
GHI,10.50,45900
GI,,4000
GIM,6.26,227400
GIS,2.30,992400
GJM,7.26,37400
GL,9.78,20500
GLB,10.13,118800
GLBPRA,,
GLK,1.49,113300
GLPRA,,
GLRPRA,,
GLRPRB,,
GLT,5.02,55400
GLW,,13247800
GM,5.03,4646200
GMA,7.16,81500
GME,,342700
GMH,,1718300
GMP,3.62,3800
GMR,,577600
GMT,5.26,151100
GMTPR,,
GMW,7.18,34200
GNI,8.98,400
GOT,,6700
GP,2.98,1130900
GPB,6.37,3500
GPC,3.76,612000
GPD,6.83,5800
GPEPRA,,
GPEPRW,,
GPF,6.20,200
GPI,,285900
GPK,,32900
GPN,0.53,92700
GPS,0.59,3656400
GPT,2.15,404600
GPX,,3700
GR,4.19,302500
GRA,,125300
GRB,6.46,34000
GRD,6.89,900
GRH,7.25,800
GRK,7.00,2200
GRMPRA,,
GRO,,16400
GRP,,339000
GRPRA,,
GRR,,3000
GRT,11.21,99400
GRTPRB,,
GS,0.65,4294400
GSB,,
GSE,,10900
GSUPRB,,
GSUPRD,,
GSUPRE,,
GSUPRG,,
GT,7.00,2371000
GTI,,118300
GTK,,569000
GTN,0.79,98200
GTN.A,,
GTW,,1175700
GTY,8.92,33800
GTYPRA,,
GTY.T,,
GUPPRB,,
GUPPRC,,
GUT,6.45,23700
GVA,1.92,384900
GVT,4.48,34700
GWR,,79400
GWW,1.43,199700
GXM,4.40,72500
GXP,7.17,363500
GXPPRA,,
GXPPRD,,
GXPPRE,,
GY,1.51,133600
GYI,,231900
HAE,,97000
HAL,2.61,2099700
HAR,0.17,165800
HAS,0.99,386600
HAT,5.68,1000
HB,1.89,108300
HBCPR,,
HBG,1.25,119900
HBP,,5900
HC,,1164200
HCA,0.19,3343300
HCC,1.04,134500
HCN,8.81,161600
HCNPRB,,
HCP,8.77,207700
HCPPRA,,
HCPPRB,,
HCPPRC,,
HCR,,525500
HD,1.08,23527800
HDI,0.29,2070100
HDL,,23200
HE,5.55,82300
HEI,0.42,17900
HEI.A,,
HEPRQ,,
HEPRS,,
HEPRT,,
HET,,691200
HEW,,46400
HFPRM,,
HGM,7.21,43500
HGR,,114300
HGT,7.46,39800
HHS,0.53,147000
HI,3.51,2959700
HIB,3.06,786900
HIF,9.35,1500
HIG,2.30,1014200
HIGPRA,,
HIGPRC,,
HIGPRQ,,
HIO,10.03,114700
HIPRE,,
HIPRF,,
HIPRG,,
HIPRH,,
HIPRM,,
HIPRN,,
HIPRO,,
HIPRP,,
HIPRS,,
HIPRT,,
HIPRV,,
HIPRX,,
HIPRZ,,
HIS,10.87,72700
HIW,10.75,112100
HIWPRB,,
HIWPRD,,
HIX,12.99,141600
HKF,1.79,82800
HL,,1161100
HLIPRA,,
HLIPRB,,
HLN,7.83,14000
HLPRB,,
HLR,1.92,49000
HLT,0.62,800400
HMA,0.46,1876900
HME,7.33,149100
HMEPRF,,
HMN,2.65,127700
HMT,,1057400
HMTPRA,,
HMTPRB,,
HMTPRC,,
HMX,,29800
HNI,1.81,48900
HNR,,86100
HNT,,1226500
HNZ,4.74,1112800
HNZPR,,
HON,2.98,3433700
HOT,3.41,1363500
HOV,,237800
HP,1.19,480200
HPC,,409900
HPCPRA,,
HPF,8.64,35700
HPG,8.71,13400
HPI,8.64,53500
HPQ,1.60,10574400
HPT,8.79,347700
HPTPRA,,
HPTPRB,,
HQH,42.31,36600
HQL,47.95,45200
HR,8.37,142800
HRB,1.74,767600
HRC,,1296300
HRH,0.86,253200
HRL,1.81,108000
HRP,9.58,310200
HRPPRA,,
HRPPRB,,
HRPRA,,
HRS,1.02,544000
HSC,3.37,70900
HSF,8.24,8200
HSM,9.33,23800
HSP,,390000
HSY,1.92,434500
HTG,8.63,664600
HTO,5.08,22700
HTR,9.47,49800
HTRRTWI,,
HTV,,67000
HU,3.58,191700
HUBA,,
HUBB,,
HUF,,20700
HUG,1.20,152600
HUM,,1388500
HVT,1.86,59100
HVTA,,
HWK,,600
HXL,,8800
HYB,10.14,96900
HYC,,173100
HYF,12.79,186100
HYI,9.31,21400
HYN,,1700
HYP,11.08,48200
HYV,12.21,42000
HYW,12.29,24200
HZO,,30300
IAL,6.60,600
IAS,,
IBC,1.78,387400
IBM,0.70,17333000
ICB,5.78,12200
ICN,2.85,577000
ICS,4.95,1600
IDA,7.60,197600
IDC,,343100
IDE,,119300
IDG,,1000
IDT,,177200
IDT.B,,0
IEM,,400
IES,,22200
IEU,7.86,100
IEX,1.85,108000
IFC,1.59,46700
IFCPRM,,
IFCPRN,,
IFCPRO,,
IFCPRP,,
IFF,1.70,314600
IFN,0.78,173100
IFS,,25400
IGF,,3800
IGI,,73000
IGL,0.72,295600
IGT,,883800
IHI,,11100
IHP,,229800
IHR,,8300
IIC,6.38,5100
IIF,0.26,3100
IIM,6.40,5100
IIS,5.65,900
IJD,8.27,15500
IKJ,5.25,20800
IKN,1.89,549900
ILA,,2541700
ILD,13.86,10100
IM,,483300
IMB,6.04,4300
IMC,,31400
IMJ,7.92,1000
IMK,7.53,500
IMN,,382400
IMR,,34700
IMS,4.85,4200
IMT,6.34,8700
IN,,97700
INT,1.49,216700
INV,,6100
IO,,68600
IOM,,328400
ION,,109600
IP,2.60,2380400
IPG,2.60,1594200
IPP,7.78,13300
IPX,1.62,3000
IQC,6.23,4200
IQI,6.63,13400
IQM,6.37,31700
IQN,6.09,8000
IQT,6.96,10700
IR,1.59,556000
IRF,,708400
IRL,,3300
IRM,,167900
IRT,7.92,219300
ISH,4.27,0
ISL,0.53,1600
ISP,,18200
IT,,101900
ITA,,7000
ITG,,272800
ITPRB,,
ITT,1.00,315000
ITW,1.42,927800
IVC,0.15,130900
JAH,,101300
JASA,,
JASB,,
JBL,,2430100
JBX,,258600
JCD,11.26,73000
JCI,1.76,454600
JCP,2.23,2671800
JDN,9.41,50100
JDNPRA,,
JEC,,252000
JEF,0.47,302000
JEQ,,45000
JFC,,1600
JFI,,3100
JH,1.37,107200
JHF,1.08,619600
JHI,6.09,4300
JHP,,36800
JHS,5.76,13000
JLG,0.28,102200
JLL,,32500
JM,,
JNC,2.04,37100
JNJ,1.50,5628700
JNS,0.29,770500
JNY,,748800
JOE,0.27,37900
JOF,,104200
JP,3.05,451500
JPM,5.08,9809500
JPMPRA,,
JPMPRH,,
JPMPRJ,,
JPMPRL,,
JPMPRN,,
JPS,8.36,298300
JPT,6.93,17400
JRC,,85000
JRL,7.96,2800
JTP,8.34,205500
JWA,,
JWB,,
JWL,,32400
JWN,2.10,401600
JYPPR,,
JYPPRZ,,
K,2.89,1274500
KBH,0.64,1044400
KCC,8.74,10700
KCH,6.88,3800
KCJ,6.72,0
KCN,7.75,4800
KCO,7.01,21900
KCP,,232600
KCS,,190900
KCT,7.03,0
KCV,7.52,2400
KCW,9.89,1100
KCX,7.21,1800
KDE,,49000
KDN,2.10,115800
KE,8.99,65200
KEF,,1100
KEG,,1794000
KEI,1.17,99700
KEM,,398200
KEX,,89400
KEY,4.73,2502500
KF,1.25,225500
KFT,1.57,849300
KFY,,83900
KG,,1394600
KGT,5.21,65200
KHI,10.60,35500
KIM,7.01,267000
KIMPRA,,
KIMPRB,,
KIMPRC,,
KKD,,721700
KLTPRT,,
KMB,2.59,1734800
KMG,4.11,593300
KMI,1.34,589100
KMM,10.51,16500
KMR,7.34,100800
KMT,1.95,197800
KMX,,828500
KNH,7.96,1100
KNO,6.28,500
KNR,6.40,100
KNW,4.25,1300
KO,1.75,5319200
KOB,7.32,1300
KOE,7.94,0
KOH,11.05,1300
KOK,6.84,800
KOS,6.94,14700
KPA,4.32,35600
KPAPRA,,
KPC,8.37,1300
KPP,8.73,48500
KR,,3378500
KRB,1.44,3898100
KRBPRA,,
KRBPRB,,
KRBPRC,,
KRBPRD,,
KRBPRE,,
KRC,8.72,79900
KRD,7.38,300
KRH,10.22,8800
KRI,1.68,241300
KRJ,8.60,6600
KRK,6.73,4900
KRL,8.29,1700
KRT,8.67,59400
KRTPRD,,
KRV,7.33,3900
KSA,9.13,7600
KSE,5.14,773800
KSEPRA,,
KSK,7.60,15200
KSL,8.53,25600
KSM,7.15,4100
KSO,6.70,0
KSS,,2827100
KST,9.73,4100
KSU,,193300
KSUPR,,
KT,,6000
KTB,6.73,1700
KTE,7.45,0
KTF,6.91,36700
KTH,7.51,0
KTJ,8.41,500
KTK,7.66,900
KTN,8.67,700
KTO,,126900
KTR,8.00,126600
KTS,7.57,500
KTV,7.53,1200
KTX,10.26,3800
KTZ,7.58,200
KVA,,
KVB,,
KVF,8.07,1000
KVJ,1.43,4900
KVL,3.07,11000
KVM,5.06,2600
KVN,2.99,3500
KVO,7.13,2200
KVP,3.66,6300
KVZ,6.68,40800
KWD,2.45,103300
KWK,,27300
KWR,3.82,53400
KYT,12.13,102100
KZL,,202300
L,,8760700
LAB,,833400
LAD,,29100
LAF,1.85,49700
LAM,,
LAQ,1.98,16500
LBF,9.92,5600
LBI,,5800
LBY,1.56,74800
LC,2.25,20500
LDF,2.47,11500
LDG,2.37,265500
LDL,,34500
LDR,3.91,19800
LEA,,365000
LEE,2.01,115800
LEG,2.36,536100
LEH,0.62,1822200
LEHPRC,,
LEHPRD,,
LEHPRE,,
LEHPRI,,
LEHPRJ,,
LEN,0.09,901600
LEO,7.60,100600
LEVP,,
LF,,577400
LFB,,64200
LFG,0.75,76600
LG,5.65,19700
LGPRA,,
LH,,796400
LHO,6.25,46300
LHOPRA,,
LII,2.89,62300
LIN,,404800
LIZ,0.74,1107800
LLL,,911800
LLY,1.98,2912900
LM,0.86,357000
LMC.B,,
LMS,,5600
LMT,0.82,2360900
LNC,3.87,654500
LNCPR,,
LNCPRV,,
LNCPRZ,,
LND,7.74,3400
LNN,0.63,29000
LNR,0.15,157800
LNT,11.72,219600
LNV,7.75,18100
LNY,0.51,180500
LOR,,1244100
LOW,0.26,5372500
LPLPRB,,
LPX,2.39,319400
LQI,,149600
LQIPR,,
LRT,16.48,59900
LRW,,73900
LRY,7.93,324800
LSI,,4345800
LSS,,183500
LTC,5.66,17100
LTCPRA,,
LTCPRB,,
LTD,2.31,2501600
LTR,1.28,566300
LTV,,
LU,,44210800
LUB,,53900
LUK,0.69,45700
LUV,0.13,1460700
LVB,,2300
LXA,,
LXK,,1617400
LXP,8.33,131800
LYO,6.90,1615400
LZ,3.34,99400
LZB,1.90,160900
MAA,9.64,43300
MAAPRA,,
MAAPRB,,
MAAPRC,,
MAAPRF,,
MAC,7.76,136800
MAF,6.93,14900
MAG,,31800
MAL,24.69,100
MAN,0.58,1045900
MAR,0.84,895400
MAS,2.83,2027300
MAT,0.25,1652500
MAY,4.03,1568400
MBD,6.53,3700
MBE,7.07,2800
MBG,,910500
MBI,1.51,784100
MCA,6.26,37000
MCC,,1000
MCD,1.48,14052400
MCH,5.68,123800
MCI,7.27,1000
MCK,0.85,1200800
MCNPRS,,
MCO,0.42,636700
MCR,6.28,65600
MCS,1.58,22200
MCY,3.24,79900
MDA,,28300
MDC,0.77,188100
MDP,0.86,123400
MDR,,156200
MDS,1.05,29400
MDT,0.53,3205300
MDU,3.63,119200
MEE,1.71,246500
MEG,1.21,48600
MEH,,35400
MEL,1.90,1650400
MEN,6.73,39100
MEPRA,,
MEPRB,,
MER,1.52,5201500
MERPRA,,
MERPRB,,
MERPRC,,
MERPRD,,
MERPRE,,
MERPRF,,
MET,0.73,1393400
MF,5.21,8500
MFA,13.01,178300
MFI,22.22,27800
MFL,6.69,34500
MFM,7.31,47100
MFT,6.34,41100
MFV,10.18,6800
MFW,,167000
MGAPRB,,
MGB,10.00,7300
MGC,1.35,5600
MGF,5.73,56600
MGG,,1620300
MGM,,194900
MHC,6.53,28900
MHD,7.31,13300
MHF,7.61,14800
MHK,,586800
MHN,6.47,43800
MHO,0.34,11400
MHP,1.75,856600
MHR,,266500
MHU,14.08,1500
MHX,0.59,104700
MHY,10.06,75700
MI,2.28,473100
MIG,4.67,17000
MIJ,,1100
MIK,,528900
MIL,,468800
MIN,5.87,257300
MIR,,7752300
MIRPRA,,
MIY,6.82,28700
MJB,6.85,2000
MJD,8.93,5100
MJE,7.01,900
MJH,6.98,1200
MJI,6.45,500
MJM,8.41,0
MJN,7.92,5200
MJO,8.64,26900
MJT,7.95,21400
MJV,3.06,12100
MJW,8.42,4300
MJX,6.99,9400
MJY,1.26,3200
MJZ,1.29,7900
MKC,1.92,925700
MKC.V,,
MKE,9.90,4600
MKK,5.64,3100
MKL,,15900
MKS,6.02,4200
MKT,0.39,183600
MLI,,81000
MLM,1.94,79900
MLR,,2700
MLS,7.85,254200
MLSPRB,,
MMA,7.39,59500
MMC,2.37,1107100
MME,,543900
MMM,1.96,2026300
MMR,,175400
MMS,,355300
MMT,6.46,84700
MMU,6.46,10800
MNC,,124100
MNI,0.71,20100
MNP,6.36,6900
MNS,,89000
MNY,1.81,147000
MO,6.14,6719100
MOG.A,,
MOG.B,,
MOK,1.66,23800
MON,2.60,846800
MOT,1.75,12742200
MOTPRA,,
MOV,0.62,38700
MPA,6.74,17600
MPH,,16100
MPPRB,,
MPPRC,,
MPPRE,,
MPR,2.57,0
MPS,,123500
MPT,6.33,9700
MPV,8.38,10500
MPY,7.43,12400
MQT,6.88,23400
MQY,6.96,41500
MRD,0.34,39400
MRF,8.02,17800
MRK,2.45,5925300
MRN,,52500
MRO,4.21,1350200
MRR,11.82,14400
MRX,,509000
MSB,10.79,38700
MSC,,25400
MSD,7.75,23200
MSE,,
MSF,0.08,25400
MSM,,202400
MSO,,175500
MSV,,23600
MSY,8.14,11400
MTB,1.45,265800
MTG,0.23,900100
MTH,,38100
MTN,,6700
MTPPRA,,
MTR,6.94,800
MTS,6.95,5300
MTTPRX,,
MTW,1.13,38900
MTX,0.25,253100
MTZ,,64100
MU,,8784300
MUA,6.82,16300
MUC,6.47,66400
MUE,6.83,19600
MUH,7.54,26100
MUJ,6.47,17600
MUKPRA,,
MUO,6.59,5700
MUR,1.94,374500
MUS,6.67,12800
MVC,0.53,15200
MVK,,321200
MVL,,368500
MVT,7.17,15300
MW,,251400
MWC,7.02,7200
MWD,2.16,3917200
MWJ,6.97,32900
MWL,,21800
MWN,6.86,2000
MWV,3.48,630700
MWY,,487000
MXE,,3700
MXF,3.76,65100
MXG,,
MXO,,2884100
MXT,2.11,2742800
MYC,6.92,29500
MYD,7.29,26500
MYE,1.83,58500
MYF,6.62,32600
MYG,2.40,661100
MYI,6.81,29100
MYJ,6.78,9800
MYK,,128800
MYL,0.51,1006100
MYM,6.73,5700
MYN,6.36,29400
MZ,0.61,40700
NAC,6.56,30500
NAD,6.82,56200
NAEPRT,,
NAP,,65900
NARPR,,
NAV,,639100
NAVPRD,,
NAZ,5.96,2100
NBD,7.71,10200
NBL,0.44,256000
NBM,4.47,0
NBP,8.42,50400
NC,2.35,23500
NCA,5.49,11400
NCC,4.33,1223200
NCF,2.92,530700
NCFPR,,
NCI,,26100
NCL,5.96,6600
NCO,6.40,14300
NCP,6.39,6800
NCR,,2109700
NCS,,11500
NCT,9.87,16500
NDC,0.75,242100
NDE,,317800
NDEPR,,
NDN,,158400
NE,,1171800
NEB,3.22,13300
NEM,0.42,5878900
NET,,2544800
NEU,0.89,151200
NEV,,38700
NEVPRT,,
NFB,3.19,532900
NFG,4.87,175500
NFI,20.69,85100
NFL,5.85,9000
NFS,1.68,411400
NFSPRA,,
NFX,,225400
NGF,3.71,1800
NGI,3.58,500
NGT,7.20,6000
NHI,9.22,25000
NHIPR,,
NHL,1.34,800
NHP,12.42,129300
NI,5.60,1389900
NIC,7.75,1500
NIF,6.27,8200
NIM,5.56,21300
NIO,6.21,130300
NIPRA,,
NIPRB,,
NJP,7.31,3700
NJR,4.01,68800
NKE,1.23,1351900
NL,4.48,22800
NLS,,192600
NLY,14.39,446800
NMA,6.91,53700
NMGA,,
NMI,5.87,2900
NMKPRB,,
NMKPRC,,
NMKPRN,,
NMO,6.83,28300
NMP,6.18,2600
NMT,5.46,11900
NMY,5.57,4000
NNC,5.46,1000
NNF,6.07,7100
NNJ,6.08,5900
NNN,8.38,96100
NNNPRA,,
NNP,6.30,47100
NNY,5.20,4000
NOC,1.65,1237900
NOCPRB,,
NOCPRE,,
NOI,,509000
NOR,21.06,364400
NORPRA,,
NORPRB,,
NORPRC,,
NORPRD,,
NPC,5.81,1000
NPF,6.81,15300
NPI,6.86,29600
NPK,3.18,2200
NPM,6.90,37100
NPO,,13400
NPP,6.68,89600
NPT,6.67,33500
NPV,5.14,3000
NPX,6.13,14700
NPY,6.33,10100
NQC,6.29,2400
NQF,6.30,7600
NQI,6.28,26600
NQJ,6.21,16400
NQM,6.70,26600
NQN,6.16,9300
NQP,6.22,18400
NQS,6.77,18000
NQU,6.88,33500
NR,,141200
NRL,9.26,31900
NRP,,89700
NRS,7.10,2200
NRT,6.55,7100
NRV,7.60,1500
NRX,7.33,6200
NRY,7.33,8300
NRZ,24.25,300
NSC,1.45,1033300
NSH,,200
NSI,2.32,68800
NSL,6.58,73100
NSM,,2297600
NSPPRT,,
NSRPR,,
NSS,,114500
NST,4.91,89900
NTC,5.27,4300
NTG,,12500
NTX,6.69,3400
NU,3.77,260800
NUC,6.57,10300
NUE,1.78,648400
NUF,6.34,5600
NUI,5.77,32600
NUM,5.98,8500
NUN,6.14,12400
NUO,5.86,8800
NUS,1.87,238000
NUT,6.02,9900
NUV,5.48,159000
NVC,6.50,6100
NVH,,3900
NVN,6.28,19000
NVPPR,,
NVPPRB,,
NWK,,114600
NWL,2.84,1170900
NWN,4.72,40000
NX,1.87,55100
NXC,5.12,4000
NXL,8.84,723900
NXLPRB,,
NXN,5.04,5100
NXP,5.69,4400
NXQ,5.80,4500
NXR,5.65,3500
NYA,,
NYB,2.78,318000
NYM,,3300
NYT,1.17,417300
O,7.02,98000
OCA,,359000
OCN,,111300
OCQ,0.71,9600
OCR,0.34,666600
ODC,3.81,4800
ODP,,1660700
OECPRA,,
OECPRB,,
OECPRC,,
OECPRD,,
OEI,0.83,1025900
OFC,6.37,172500
OFCPRB,,
OFCPRE,,
OFCPRF,,
OFG,2.09,20700
OGE,7.60,144800
OGEPR,,
OHI,,572900
OHIPRA,,
OHIPRB,,
OHP,,1298000
OI,,202300
OIA,7.41,29400
OIB,6.77,17000
OIC,6.72,12300
OII,,102900
OIPRA,,
OIS,,43500
OJB,7.37,800
OKE,3.51,997000
OLN,4.89,191200
OMC,1.23,2386300
OME,,10800
OMG,5.96,1861400
OMI,1.88,56200
OMM,,272400
OMN,4.89,32200
OMS,6.22,36000
OMX,,348700
ONB,3.10,29100
ONBPRA,,
ONBPRB,,
ONE,2.19,5242600
ONEPRJ,,
ONEPRT,,
ONEPRU,,
ONEPRV,,
ONEPRW,,
OO,,151100
OPRB,,
OPRC,,
ORB,,340000
ORBWS,,
ORH,0.54,596800
ORI,2.20,300000
OS,,33100
OSG,2.98,113000
OSI,1.36,167700
OSK,0.53,51700
OSM,,48400
OUI,7.58,1400
OXM,3.29,11000
OXY,3.60,887400
OXYPRB,,
PAA,8.51,64800
PAI,6.85,4300
PAS,0.29,408400
PB,1.14,3538000
PBG,0.15,564900
PBI,3.47,877400
PBIPR,,
PBT,8.85,48900
PBY,2.33,502900
PCEPR,,
PCEPRA,,
PCEPRI,,
PCF,8.29,14300
PCG,,1343600
PCH,2.42,109700
PCK,6.93,32900
PCL,5.87,1060300
PCM,7.89,13100
PCN,8.77,85700
PCO,,268000
PCP,0.44,323500
PCQ,6.56,19100
PCS,,7243800
PCT,8.75,4000
PCU,2.21,49000
PCV,7.78,5700
PD,,631100
PDE,,1486300
PDF,6.86,7400
PDPRA,,
PDQ,,139800
PDT,7.34,23000
PDX,,231500
PECPRX,,
PEF,,
PEG,5.96,956500
PEGPRA,,
PEGPRB,,
PEGPRC,,
PEGPRD,,
PEGPRE,,
PEGPRP,,
PEGPRR,,
PEGPRS,,
PEGPRT,,
PEGPRU,,
PEGPRX,,
PEI,7.91,23900
PEO,0.83,17900
PEP,1.37,3420400
PEPRA,,
PEPRB,,
PEPRC,,
PEPRD,,
PEPRX,,
PER,,196300
PFA,5.86,59300
PFB,1.23,42000
PFD,6.61,18700
PFE,2.00,18679000
PFG,0.84,969300
PFH,8.63,1900
PFO,6.90,8600
PFV,8.35,2800
PFX,7.78,37100
PG,1.89,3710400
PGB,8.70,5400
PGD,8.17,4400
PGE,,171400
PGEPRB,,
PGF,15.25,300
PGL,5.34,140000
PGM,7.87,5900
PGN,5.33,917600
PGR,0.21,868500
PGWI,,
PH,1.64,923400
PHA,1.32,5302100
PHAWI,,
PHH,11.42,60600
PHM,0.30,376900
PHY,14.57,62100
PIA,6.53,4200
PIF,6.15,30000
PII,1.97,278800
PIK,,7900
PIL,8.22,0
PIM,8.39,78300
PIR,1.25,438400
PIS,8.67,22100
PIY,9.11,6000
PJA,13.89,6000
PJH,8.23,4100
PJJ,10.63,1200
PJK,,8300
PJL,2.60,20800
PJR,1.51,7000
PJS,3.66,2000
PJT,4.47,34800
PKD,,420400
PKE,1.29,46200
PKG,,142800
PKH,13.35,5300
PKI,3.20,711800
PKJ,7.84,1000
PKK,8.91,2200
PKM,10.70,17300
PKO,8.32,1500
PKS,,669900
PKSPRB,,
PKY,7.47,8300
PKYPRA,,
PL,2.06,161600
PLA,,28600
PLAA,,
PLB,,99500
PLD,5.85,179200
PLDPRD,,
PLDPRE,,
PLL,2.23,395800
PLP,,3700
PLPRA,,
PLPRS,,
PLT,,182300
PLX,,71000
PLXWI,,
PMBPR,,
PME,,51400
PMF,6.81,32700
PMG,7.63,27200
PMH,5.89,67100
PMI,0.33,263600
PML,7.00,49600
PMM,7.81,29400
PMO,7.61,11600
PMS,,
PMT,8.64,29900
PMX,6.92,32000
PNC,4.28,1415400
PNCPRC,,
PNCPRD,,
PNF,6.57,2500
PNG,1.51,7600
PNI,6.94,8100
PNK,,50900
PNM,3.88,261800
PNN,2.04,8800
PNNA,,
PNP,5.66,219200
PNR,2.18,194900
PNW,4.87,512100
PNX,1.79,546800
PNXPRA,,
PNY,4.58,65700
POB,6.32,14900
POG,0.77,285300
POH,8.03,39900
POI,,6900
POL,6.58,119200
POM,5.05,343800
POMPRT,,
POP,4.30,52400
POS,,473400
PP,8.36,135600
PPB,7.06,3400
PPD,,292300
PPE,,333800
PPF,6.63,4600
PPG,3.27,564200
PPL,3.91,470800
PPLPRA,,
PPLPRB,,
PPLPRCCL,,
PPLPRE,,
PPM,6.58,11600
PPP,0.32,310600
PPR,7.21,219200
PPS,12.72,113200
PPSPRA,,
PPSPRB,,
PPSPRC,,
PPT,8.31,101800
PPWPRA,,
PPWPRB,,
PPX,1.64,40800
PQE,,226900
PR,,176300
PRA,,98100
PRI,5.70,1800
PRM,,121500
PRU,1.18,2961800
PRV,,883400
PRX,,232300
PSA,5.76,219200
PSAPRB,,
PSAPRC,,
PSAPRD,,
PSAPRE,,
PSAPRF,,
PSAPRK,,
PSAPRL,,
PSAPRM,,
PSAPRQ,,
PSAPRR,,
PSAPRS,,
PSAPRT,,
PSAPRU,,
PSAPRV,,
PSC,2.73,106900
PSD,4.96,604800
PSDPR,,
PSDPRC,,
PSRPRC,,
PSS,,166400
PSTPRA,,
PTA,,21100
PTC,,700
PTM,8.30,41200
PTP,,89800
PTPPRM,,
PTV,,481600
PTY,,201700
PTZ,1.51,26600
PVA,2.46,21800
PVH,1.30,313000
PVN,,1820800
PVR,8.87,16700
PWN,0.52,23000
PWR,,219300
PX,1.31,1025800
PXD,,382500
PXPWI,,
PXR,,40000
PYM,7.49,17500
PYN,6.75,15800
PYX,,187700
PZB,0.58,176300
PZC,6.90,41100
PZN,,
Q,0.89,5511000
QRAY,,
R,2.58,219200
RA,8.31,185100
RAD,,1495500
RAH,,55600
RAM,,10900
RAPRA,,
RAS,11.35,46900
RBK,,784900
RBN,1.25,39500
RBSPRK,,
RBT,,1000
RBV,6.75,13000
RCI,,491400
RCL,2.99,1037100
RCS,7.56,66000
RDA,1.39,274700
RDC,,1133100
RDK,2.76,81100
RDN,0.20,463900
RDO,,1300
RE,0.61,607400
REG,6.54,260600
REM,,93800
REPRA,,
RES,0.98,5300
RET,6.17,200
REV,,29500
REY,1.73,161600
RF,3.39,332800
RFI,6.80,6900
RFPR,,
RFS,9.30,36800
RGA,0.83,135000
RGAPRA,,
RGB,,2900
RGC,3.12,216700
RGE,6.13,8400
RGM,7.10,55700
RGR,7.71,90100
RGS,,
RHB,,122800
RHD,,99000
RHI,,512500
RHT,,58000
RI,0.23,253900
RIG,0.53,2383700
RIT,8.98,14700
RJF,1.36,940300
RJR,8.22,757600
RKT,2.29,77200
RKY,1.30,374200
RL,,98600
RLF,9.32,55700
RLI,1.32,41900
RMD,,77800
RMK,,404000
RML,0.97,64000
RNA,,72400
RNE,,4900
RNS,8.59,2100
RNT,0.20,27400
RNTA,,
ROC,,2400
ROG,,84300
ROH,2.50,697700
ROK,2.81,1016800
ROL,0.72,88700
ROP,0.94,97700
ROU,,16200
ROV,,214400
ROW,5.09,101400
RPF,,95400
RPM,4.48,797200
RPT,8.64,63700
RPTPRB,,
RQI,9.15,77400
RRA,,69100
RRC,,165700
RRE,9.54,121200
RRI,,3892700
RS,1.19,53000
RSC,,14500
RSE,5.08,292900
RSEPRB,,
RSEPRZ,,
RSG,,275800
RSH,1.00,1557300
RST,,17400
RT,2.93,48000
RTI,,24200
RTN,2.65,4070700
RTNPR,,
RUS,3.09,54700
RVT,10.24,93600
RVTPR,,
RVTPRA,,
RWT,8.92,56300
RWTPRB,,
RWY,,128500
RX,0.47,6663000
RYL,0.21,686300
RYN,3.21,58800
RZT,,14800
S,3.22,6607300
SACPR,,
SACPRT,,
SAF,,2600
SAH,,498000
SAM,,41500
SBC,3.96,5888600
SBF,1.41,172400
SBG,8.29,33600
SBL,0.22,815400
SBPPRA,,
SBR,8.77,26900
SBT,6.54,21200
SBW,10.19,9400
SBZ,,0
SCG,4.11,203400
SCH,0.37,4643000
SCL,2.98,2800
SCLPR,,
SCS,2.17,67900
SCX,5.14,3100
SDE,22.15,388000
SDS,,1256300
SE,,27600
SEE,,666900
SEEPRA,,
SEH,2.01,110200
SEI,,63200
SEL,6.55,17000
SEM,,274800
SEN,9.38,30700
SENPRI,,
SENPRL,,
SF,1.00,2400
SFA,0.31,2229900
SFD,,315800
SFE,,140800
SFF,8.56,9300
SFG,0.81,82400
SFI,9.00,220200
SFIPRB,,
SFIPRC,,
SFIPRD,,
SFN,,90800
SFP,,57000
SFPRA,,
SFY,,353900
SGF,0.12,44700
SGH,6.67,16500
SGI,,1114600
SGK,1.33,6400
SGL,9.30,44300
SGP,3.13,5517700
SGR,,449600
SGU,11.62,71700
SGY,,66900
SHS,3.10,13200
SHU,7.04,74600
SHUPRC,,
SHUPRD,,
SHW,2.12,465900
SIB,2.49,140300
SIE,,269600
SII,,1482300
SIZ,9.95,25700
SIZPRB,,
SJI,4.76,11200
SJIPRT,,
SJM,1.92,296900
SJT,7.77,85800
SKE,,527900
SKO,,307700
SKP,5.84,1800
SKS,,1040500
SKT,8.29,24700
SKTPRA,,
SKX,,246600
SKY,2.51,3700
SL,,9200
SLA,8.91,19100
SLB,1.84,2902600
SLE,2.78,1290400
SLG,6.20,80600
SLGPRA,,
SLM,0.91,1539600
SLMPRA,,
SLR,,7403500
SLRPRS,,
SM,0.40,62700
SMF,,10300
SMG,,164000
SMP,2.54,2700
SMT,7.63,90400
SNA,3.71,725500
SNF,7.53,7800
SNHPRZ,,
SNS,,55700
SNV,2.91,548300
SO,4.81,1713500
SOA,2.56,2200
SOI,0.90,224500
SOIPRV,,
SOL,,13700
SON,3.66,171200
SOPRB,,
SOPRC,,
SOPRD,,
SOR,9.42,49800
SORPR,,
SOV,0.70,332000
SOVPR,,
SOVPRA,,
SP,,16200
SPA,,100
SPC,3.40,1792800
SPCPRA,,
SPCPRE,,
SPF,1.22,217500
SPG,6.81,569800
SPGPRB,,
SPGPRF,,
SPGPRG,,
SPH,8.15,69400
SPN,,143900
SPSPRT,,
SPW,,690000
SQAA,,
SQAB,,
SQAPR,,
SQF,6.39,1400
SR,4.75,44000
SRC,12.47,8800
SRE,4.10,748300
SREPR,,
SREPRA,,
SRF,7.03,6800
SRH,6.99,30300
SRI,,15400
SRJ,7.00,21200
SRP,,723500
SRR,2.55,162800
SRT,,30300
SRV,,299100
SRX,,86000
SRZ,,138200
SSD,,91600
SSP,0.72,273100
SSR,7.17,16100
SSS,9.01,31000
SSSPRB,,
ST,,15100
STC,,56400
STE,,261200
STI,2.94,917200
STIPR,,
STIPRV,,
STJ,,1724300
STK,,1567800
STL,2.81,4600
STLPRA,,
STN,,375400
STR,2.62,152700
STT,1.28,2707100
STU,2.83,7900
STW,1.47,8900
STX,,2000000
STZ,,1149200
STZB,,
SUG,,192000
SUGPRA,,
SUI,6.67,35600
SUN,3.08,370300
SUP,1.20,188900
SUR,7.54,20800
SVAPR,,
SVC,2.21,35400
SVM,4.02,324600
SVU,3.58,397000
SWC,,499000
SWK,3.59,3152100
SWM,2.37,21500
SWN,,47800
SWOPRA,,
SWS,2.51,72000
SWW,,32900
SWX,3.66,72700
SWXPRA,,
SWY,,1836400
SWZ,10.82,27900
SXI,3.82,21600
SXL,7.54,3800
SXT,2.41,240200
SY,,373000
SYD,,55700
SYK,0.18,463700
SYM,,800
SYX,,16000
SYY,1.46,1338500
SZ,,14700
T,2.88,4640800
TAA,,126800
TAI,7.52,2100
TAP.A,,
TAP.B,,
TAPPRX,,
TAPPRY,,
TBC,5.26,18400
TBI,,72200
TBL,,431600
TCB,2.57,177400
TCC,,32000
TCH,1.74,27600
TCI,,2000
TCO,6.03,612200
TCOPRA,,
TCR,14.74,175100
TCRPR,,
TCT,8.37,24200
TDA,7.52,36400
TDF,7.29,44500
TDI,5.74,8800
TDW,2.01,444400
TDY,,55900
TE,9.16,1271300
TEDPRF,,
TEDPRK,,
TEDPRL,,
TEE,,100700
TEI,10.39,64500
TEK,,258000
TEN,,104800
TEPRT,,
TEPRU,,
TER,,4584500
TEX,,170300
TFD,7.02,24500
TFS,,89900
TFX,1.71,99400
TG,1.20,23900
TGI,,20400
TGN,,338500
TGT,0.81,3666900
TGX,,42600
THC,,6803300
THO,0.13,133700
THX,,29200
TIE,,56400
TIF,0.64,945500
TII,1.24,28900
TIN,2.69,279100
TINPRD,,
TJX,0.61,1975800
TKF,0.11,14100
TKR,2.62,132700
TLB,1.31,237200
TLI,6.42,20900
TLMPRB,,
TMA,11.73,255800
TMAPRA,,
TMK,0.96,199100
TMKPRS,,
TMKPRT,,
TMO,,381900
TMR,,218500
TMT,5.20,45300
TNB,6.46,209700
TNC,2.47,11200
TNH,6.25,2900
TNL,0.81,71900
TNM,1.54,6400
TNMB,,
TOD,,1600
TOL,,736000
TOO,,552000
TOY,,1568600
TOYPRA,,
TPC,,267500
TPK,4.70,13700
TPL,0.92,1100
TPP,8.14,469800
TPR,,200
TR,0.93,57900
TRA,,65700
TRB,0.92,1236400
TRC,,7500
TRE,1.02,4600
TRF,0.47,23200
TRH,0.58,32600
TRI,,1697800
TRK,1.24,49100
TRN,1.30,177400
TRR,,42200
TRU,20.52,30100
TRY,,19100
TRZ,3.68,89300
TSA,,206200
TSG,,1698100
TSN,1.36,572100
TSO,,672000
TSS,0.49,141400
TT,,1500
TTC,0.74,89200
TTF,2.05,14600
TTI,,59200
TTN,,480200
TTNPR,,
TUC,,2400
TUEPRA,,
TUEPRB,,
TUG,3.19,5000
TUP,5.77,182300
TVC,6.27,12500
TVE,6.06,16900
TVL,,337200
TW,0.64,8500
TWI,1.56,19500
TWN,,10700
TWP,,72300
TWR,,235500
TXA,4.14,200
TXI,1.23,49500
TXIPRS,,
TXN,0.58,13238100
TXT,3.01,307000
TXTPRA,,
TXTPRB,,
TXTPRT,,
TXU,2.51,3221900
TXUPRA,,
TXUPRB,,
TXUPRC,,
TXUPRD,,
TY,1.74,74700
TYC,0.28,20306200
TYL,,33800
TYPR,,
TZE,7.79,500
TZF,6.75,800
TZG,6.76,1800
TZI,6.67,0
TZK,7.79,1300
UAG,,100800
UAL,,4468900
UALPRB,,
UALPRT,,
UB,2.64,640000
UBH,2.50,21800
UBP,6.08,10500
UBPA,,
UBT,7.26,13500
UCI,,136100
UCL,2.75,518400
UCO,,48000
UDI,,98800
UDM,7.72,100
UDR,7.17,485600
UDRPRB,,
UDSPRA,,
UEPPRA,,
UEPPRC,,
UEPPRD,,
UEPPRE,,
UFI,,158200
UGI,4.34,142000
UHS,,960800
UHT,7.53,20600
UIC,2.65,26800
UIL,8.26,70000
UIS,,1419900
UMGPRC,,
UNA,,27100
UNF,0.75,11300
UNH,0.04,2126400
UNM,3.11,702500
UNN,7.32,14300
UNP,1.54,773500
UNS,2.91,135600
UNT,,347700
UPC,4.65,728600
UPK,,0
UPS,1.20,2188500
URI,,279100
URS,,72600
USA,10.50,155500
USB,3.48,3737800
USBPRA,,
USBPRB,,
USBPRC,,
USBPRD,,
USG,1.23,196200
USI,,104000
UST,5.68,435200
USU,8.03,163900
USV,9.28,34400
USVPRA,,
UTR,5.82,62800
UTX,1.49,3012300
UVN,,1796600
UVV,3.67,39600
UYE,7.89,8800
UZG,7.60,17800
VAL,1.36,85000
VAP,6.84,5000
VAR,,225300
VAS,,179100
VBF,6.68,6300
VC,3.29,384600
VCD,,56600
VCI,,295300
VCV,6.99,3400
VEA,7.09,5800
VELPRA,,
VELPRE,,
VES,7.05,11600
VFC,2.72,258400
VFM,6.37,6000
VGM,7.15,14600
VGR,11.72,93000
VHI,3.13,22900
VIA,,652200
VIAB,,
VIC,7.15,2600
VIG,5.67,1600
VIM,6.34,6700
VIN,7.06,13900
VIT,11.71,16000
VKA,7.30,7800
VKQ,6.66,69300
VKS,7.31,10000
VKV,7.14,18100
VLI,7.25,4900
VLO,1.08,838400
VLOPRU,,
VLT,11.83,4300
VLY,3.33,86800
VLYPRA,,
VMC,2.72,192800
VMI,1.43,16800
VMO,7.39,21500
VMT,6.24,21800
VNM,6.64,400
VNO,7.76,194800
VNOPRA,,
VNOPRB,,
VNOPRC,,
VNV,6.80,4500
VNX,,148200
VOL,,7500
VOQ,6.20,5600
VOT,7.16,12800
VPA,6.47,3000
VPI,1.46,321300
VPQ,6.48,12500
VPV,6.83,2400
VQC,7.03,2000
VRC,,337000
VSH,,936400
VTA,3.60,72600
VTF,6.97,2600
VTJ,6.77,2100
VTN,6.82,3000
VTP,6.71,2600
VTR,8.15,510900
VTS,,234000
VVC,4.90,141300
VVI,1.59,126100
VVIPR,,
VVR,6.53,399600
VZ,4.00,6700500
VZC,6.68,14400
WAB,0.31,106900
WAG,0.45,3391900
WAT,,807400
WB,2.75,2722800
WBS,2.15,145600
WC,,306900
WCC,,13900
WCI,,90500
WCN,,289000
WCS,2.63,11813700
WDC,,2915000
WDR,2.72,381400
WEA,9.76,26700
WEC,3.20,172600
WECPRA,,
WEG,7.89,31100
WEH,,200
WEN,0.83,563800
WES,2.12,35400
WESWI,,
WFC,2.37,6433000
WFCPRB,,
WFR,,50400
WFT,,2145200
WGL,5.26,130600
WGO,0.53,282200
WGR,0.58,219300
WGRPRA,,
WH,,
WHC,,14700
WHG,0.53,4600
WHR,2.44,461100
WHX,,13200
WHXPR,,
WHXPRB,,
WIN,1.23,267200
WL,3.27,462000
WLM,2.73,67400
WLP,,2204600
WLS,,6300
WLT,1.11,35500
WLV,,3100
WM,3.12,3359000
WMB,0.98,13133300
WMBPRI,,
WMI,0.04,1176400
WMK,3.47,5400
WMO,3.09,74000
WMS,,175100
WMT,0.60,8661700
WNAPR,,
WNC,0.44,43600
WND,,
WNI,,30800
WON,,226500
WOR,4.20,306300
WPC,6.87,28300
WPD,6.56,19100
WPF,6.53,8200
WPI,,2044500
WPO,0.80,6400
WPS,5.54,120700
WPSPRA,,
WR,10.73,560300
WRC,,105300
WRCPR,,
WRE,5.78,56900
WRI,6.12,143000
WRIPRA,,
WRIPRC,,
WRPRA,,
WRPRB,,
WRS,4.79,4600
WSF,6.58,78300
WSM,,2193000
WSO,0.97,36600
WST,3.56,13600
WTM,0.31,7400
WTS,1.60,27600
WTU,12.58,25100
WTW,,245900
WW,,143900
WWE,,68000
WWW,1.19,103700
WWY,1.44,593300
WXH,7.44,124300
WXHPRA,,
WXS,14.29,50800
WY,3.05,844800
WYE,2.52,5036500
WYEPR,,
WZR,,30700
X,1.16,1530700
XAA,6.54,2100
XCH,7.89,28600
XCT,10.51,27300
XEC,,207300
XEL,6.15,1246700
XELPRA,,
XELPRB,,
XELPRC,,
XELPRD,,
XELPRE,,
XELPRG,,
XFA,3.39,1000
XFB,8.21,1800
XFD,6.41,12500
XFE,3.80,4300
XFH,2.39,10000
XFJ,10.71,14100
XFK,3.76,100
XFL,2.45,2800
XFP,1.31,2500
XFR,1.53,1000
XGM,7.14,46100
XJT,,313000
XKA,7.22,200
XKC,10.13,5800
XKD,9.93,1500
XKE,8.96,0
XKI,8.79,9200
XKJ,7.40,2500
XKK,10.06,6700
XKM,10.99,0
XKN,7.74,400
XKO,7.35,0
XKP,8.61,1600
XKR,10.42,1700
XKS,7.32,1000
XKX,7.49,3000
XKY,2.45,3900
XNR,,34500
XOM,2.65,10826900
XPP,7.71,500
XRX,,3308000
XSS,9.65,4200
XTO,0.16,416100
XWM,,
Y,,200
YCC,,131600
YCT,8.02,19700
YRK,2.39,117300
YUM,,1382400
Z,1.14,608800
ZAP,,5100
ZBPRB,,
ZF,11.09,101400
ZIF,12.78,10900
ZLC,,154600
ZMH,,1174200
ZNT,4.65,109200
ZQK,,135900
ZTR,10.23,78400
