A,,1886800
AA,2.72,3779300
AAGPRT,,
AAI,,300200
AAP,,303100
AAR,37.50,475200
ABC,0.19,1259700
ABF,0.81,2927900
ABG,,33600
ABI,1.04,479300
ABJ,6.98,2500
ABK,0.74,643200
ABM,2.80,76600
ABNPRA,,
ABNPRB,,
ABS,3.98,1212200
ABT,2.44,4269800
ABWPRA,,
AC,6.88,209600
ACA,,
ACF,,1437700
ACG,9.91,425400
ACI,1.25,324900
ACO,2.00,16100
ACP,,5400
ACPPR,,
ACR,,400
ACS,,2375400
ACV,0.87,179100
ACVA,,
AD,,165400
ADC,9.66,16200
ADF,10.81,31700
ADI,,2745000
ADM,2.08,1443500
ADP,1.50,1903000
ADS,,289100
ADX,1.90,66600
AEC,11.30,21700
AECPRA,,
AEE,6.34,391200
AEEPRE,,
AEF,7.93,24900
AEP,9.82,1762700
AEPPRA,,
AES,,2536700
AESPRC,,
AET,0.08,1940000
AF,3.32,538400
AFB,6.97,20300
AFC,1.78,894000
AFG,2.40,107900
AFGPRT,,
AFK,6.55,22400
AFL,0.82,2711500
AG,,902900
AGCPRA,,
AGCPRB,,
AGE,2.25,544900
AGI,,1168500
AGL,2.35,5700
AGM,,19700
AGN,0.51,1745900
AGP,,97300
AGRA,,
AGRB,,
AGY,,1055400
AH,,59100
AHC,2.72,732900
AHG,,394900
AHR,12.30,178800
AHS,,288700
AIG,0.35,5603500
AIN,0.98,105100
AIQ,,92500
AIR,2.50,22100
AIT,2.66,11300
AIV,8.87,523200
AIVPRC,,
AIVPRD,,
AIVPRG,,
AIVPRH,,
AIVPRP,,
AIVPRQ,,
AIVPRR,,
AIZ,,
AJB,7.19,2400
AJC,7.29,1000
AJG,2.74,316200
AKB,7.05,180900
AKP,6.67,4600
AKR,6.96,104200
AKS,6.48,345400
ALB,2.28,60600
ALD,10.86,859400
ALE,5.27,181100
ALEPR,,
ALG,2.10,1400
ALK,,249000
ALL,2.56,2958800
ALM,5.45,1000
ALN,,63900
ALNPRD,,
ALO,1.01,481100
ALPPRN,,
ALPPRO,,
ALX,,400
AM,2.88,548200
AMB,6.04,441300
AMBPRA,,
AMD,,10310600
AME,0.67,102200
AMF,10.87,36600
AMG,,338800
AMGPRI,,
AMH,1.61,283400
AML,8.82,14900
AMN,2.58,12800
AMO,9.76,5100
AMR,,47735600
AMT,,1212300
AMU,7.70,7500
AMZ,,28300
AN,,1258800
ANF,,1249000
ANJPR,,
ANL,6.41,9200
ANN,,830100
ANS,,10000
ANT,,83400
ANUPR,,
AOC,2.68,959500
AOF,8.18,15300
AOL,,16447400
AOPRA,,
AOR,,66000
AOS,1.99,304700
AOT,,292400
AP,3.17,1900
APA,0.66,1394000
APB,,45100
APC,0.89,1460300
APD,2.01,781700
APF,0.11,37400
APH,,111100
APN,,36900
APS,,2061600
APU,8.85,32600
APX,7.09,20500
ARB,,97200
ARE,4.96,147200
AREPRA,,
AREPRB,,
ARG,,239500
ARI,8.61,169200
ARJ,4.32,34100
ARK,12.03,65500
ARL,,400
ARM,2.74,304900
ARO,,215300
ARW,,410400
ASD,,481100
ASF,,54500
ASG,10.12,58900
ASH,3.71,205800
ASN,7.78,682500
ASNPRA,,
ASNPRD,,
ASO,4.69,2335500
ASP,7.13,10400
ASV,,3900
AT,2.98,900900
ATG,4.53,134000
ATGPR,,
ATH,,1638000
ATI,7.32,168100
ATK,,476400
ATL,,3800
ATN,0.58,192500
ATO,5.59,141200
ATPR,,
ATR,0.76,59800
ATU,,105000
ATV,3.61,500
ATW,,120200
AV,,553900
AVA,4.20,83200
AVAPRA,,
AVB,7.36,379100
AVBPRD,,
AVBPRH,,
AVL,,46000
AVO,,307900
AVO,,307900
AVP,1.44,1628200
AVT,2.72,335700
AVU,6.86,1200
AVX,1.61,197600
AVY,2.39,2476000
AW,,2422700
AWA,,208000
AWE,,10251200
AWF,10.05,127100
AWG,9.29,8800
AWR,3.66,40900
AXE,,339900
AXL,,292100
AXP,0.90,6872200
AXPPRA,,
AXR,,55900
AYE,,1355500
AYI,4.11,55000
AYN,6.79,13300
AYZ,7.94,202800
AZO,,1069900
AZR,,149700
AZZ,,5400
B,3.85,36300
BA,2.50,4155900
BAC,3.56,6807400
BACPRV,,
BACPRW,,
BACPRX,,
BACPRY,,
BAF,6.08,6600
BAT,5.91,5100
BAX,2.91,8354300
BAXPR,,
BBA,,822100
BBCPRA,,
BBF,6.36,6700
BBI,0.45,991400
BBK,7.35,23600
BBR,4.36,5400
BBT,3.59,970300
BBX,1.14,101100
BBY,,3416600
BC,2.51,364600
BCC,2.65,263500
BCF,0.12,60400
BCK,6.41,5500
BCR,1.41,1070200
BDF,6.56,6900
BDG,3.83,37200
BDGA,,
BDJ,,0
BDK,1.29,323500
BDN,8.19,102600
BDX,1.21,1984100
BE,,1992900
BEC,1.03,357700
BED,7.29,36000
BEN,0.86,529400
BEP,9.60,200
BER,0.94,358200
BEV,,473800
BEZ,2.34,140500
BFA,,
BFB,,
BFC,4.65,39000
BFK,7.28,110600
BFS,6.43,8800
BFT,,97400
BFZ,6.89,6500
BG,1.47,461800
BGC,4.90,158600
BGEPRA,,
BGG,3.24,95500
BGIPRT,,
BGP,,477700
BGS,,200
BHD,10.05,21300
BHE,,299600
BHI,1.58,4226000
BHK,8.14,62800
BHS,1.17,96000
BHY,11.18,32700
BID,,117900
BIE,6.44,17100
BIF,5.54,10000
BJ,,1031600
BJS,,1621900
BJZ,5.36,3600
BK,3.32,4564000
BKE,,9100
BKF,,7300
BKH,4.14,357800
BKI,,18000
BKN,6.34,6500
BKPRD,,
BKPRE,,
BKS,,580000
BKT,7.69,83200
BLC,1.41,264000
BLH,5.25,8900
BLI,,426400
BLK,,268900
BLL,0.63,334800
BLN,4.59,12600
BLS,3.65,4234100
BLT,,12400
BLU,9.57,69000
BMC,,1487600
BMM,0.77,4700
BMN,5.27,44500
BMS,2.53,385400
BMT,5.23,18800
BMY,4.97,5494700
BMYPR,,
BN,2.12,75200
BNA,7.62,35900
BNE,2.11,61200
BNI,1.82,1402800
BNJ,6.36,2000
BNK,2.94,613500
BNY,6.64,12900
BOH,2.36,349700
BOL,1.58,696000
BOW,2.10,309400
BOY,9.56,13200
BOYPRA,,
BPK,5.55,20500
BPL,7.02,41800
BPT,22.44,102100
BQH,6.83,5300
BQT,1.05,149800
BR,1.16,1253500
BRC,2.62,59100
BRE,6.53,149200
BREPRA,,
BREPRB,,
BRF,4.71,17800
BRKA,,
BRKB,,
BRL,,691000
BRM,4.72,23200
BRO,0.64,846800
BRT,8.00,3900
BRW,,1638600
BRX,,200
BRY,2.93,15400
BSC,0.99,1274800
BSCPRA,,
BSCPRE,,
BSCPRF,,
BSCPRG,,
BSCPRX,,
BSCPRY,,
BSE,6.53,4400
BSG,,560100
BSH,11.56,27800
BSP,8.66,12800
BSX,,2301700
BTAPRA,,
BTF,0.23,4400
BTH,1.02,170000
BTO,1.61,163100
BTT,,
BTU,1.45,341300
BUD,1.62,2318300
BUFPRC,,
BVC,,189500
BVS,9.46,1500
BW,8.59,132100
BWA,1.33,434900
BWC,1.72,95000
BWEPR,,
BWS,1.37,281300
BXG,,17900
BXP,6.17,249700
BXS,3.31,127100
BXSPRA,,
BY,,
BYD,,154100
BYM,6.73,27100
BZ,3.95,19000
BZA,7.04,2400
BZF,2.14,59800
BZH,,563400
BZL,0.79,15400
C,2.08,21663700
CA,0.57,2051900
CAE,2.72,17400
CAG,4.72,2867700
CAGPRB,,
CAH,0.17,2696000
CAI,,148300
CAL,,4936000
CAM,,1559300
CAO,,333400
CAT,2.61,2817500
CAV,,5500
CB,3.02,1429900
CBC,,34600
CBE,3.76,302700
CBF,7.00,11200
CBG,,
CBGPRC,,
CBH,1.77,1229000
CBK,,183500
CBL,6.29,97900
CBLPRA,,
CBLPRB,,
CBM,0.72,210000
CBO,6.73,21800
CBPRA,,
CBR,,67500
CBT,2.10,150300
CBU,3.51,41100
CBZ,,59100
CC,1.25,2075500
CCB,7.38,9200
CCC,2.46,50600
CCE,0.80,1165700
CCI,,1232300
CCK,,947300
CCL,1.62,3884600
CCPPRA,,
CCS,7.67,1000
CCT,7.33,800
CCU,,6148500
CCWI,,
CCZ,5.76,7700
CD,,4704000
CDC,18.37,11100
CDD,7.23,500
CDE,,470400
CDI,,77100
CDN,,1873700
CDT,,54000
CDX,,459200
CE,,7967000
CEE,1.65,12700
CEG,3.60,314000
CEI,10.31,478000
CEIPRA,,
CEIPRB,,
CEN,,446800
CERPR,,
CEW,7.97,3000
CEY,,110800
CF,3.11,1418400
CFB,1.59,137200
CFC,0.80,1057600
CFD,11.11,21000
CFE,7.95,300
CFI,,68900
CFN,8.04,3300
CFP,8.41,700
CFR,2.84,173000
CG,9.44,259700
CGC,5.16,8000
CGD,11.67,9700
CGI,3.43,30000
CGK,9.76,6600
CGO,,570300
CGPPRT,,
CGV,6.90,500
CGX,,62200
CH,0.27,3500
CHB,,46800
CHD,0.99,85900
CHE,1.41,39500
CHG,5.20,46000
CHH,,237500
CHI,8.97,284200
CHK,1.54,1606500
CHKPR,,
CHN,0.39,89700
CHP,0.42,118000
CHS,,577800
CHX,0.73,14400
CHZ,3.04,103900
CHZPRA,,
CI,2.78,620500
CIA,,11600
CIC,7.88,32500
CIF,9.91,38300
CIHPRA,,
CIK,10.05,180800
CIL,7.29,1300
CIN,5.32,647300
CINPRA,,
CINPRB,,
CINPRC,,
CINPRI,,
CINPRJ,,
CIP,8.12,10500
CIR,1.14,48900
CIT,2.73,976300
CIVPRB,,
CIVPRC,,
CIVPRD,,
CIX,7.91,700
CJO,7.81,0
CK,4.19,530600
CKC,,79000
CKH,,101400
CKI,9.78,2400
CKP,,224900
CKR,,537100
CL,1.70,2581200
CLC,1.29,96700
CLD,2.15,7100
CLE,0.62,344300
CLF,,13100
CLH,6.93,600
CLI,7.96,193400
CLM,16.89,13000
CLP,7.91,99200
CLPPRA,,
CLPPRC,,
CLPR,,
CLX,1.89,1228500
CMA,4.95,1451400
CMAPRZ,,
CMC,2.16,48000
CME,1.18,39700
CMH,0.52,677500
CMK,7.63,6500
CMM,,39700
CMMPRB,,
CMMPRF,,
CMMPRG,,
CMN,,5500
CMO,32.70,75000
CMOPRA,,
CMOPRB,,
CMS,,2566200
CMSPRA,,
CMSPRB,,
CMSPRJ,,
CMSPRK,,
CMSPRL,,
CMSPRM,,
CMSPRN,,
CMU,7.74,31000
CMV,7.28,7500
CMX,,2126100
CNA,,283600
CNB,4.87,198200
CNBPRA,,
CNF,1.40,546500
CNFPRT,,
CNJ,,1700
CNL,6.62,436700
CNN,10.99,9200
CNO,,
CNP,5.26,607800
CNPPRA,,
CNPPRC,,
CNPWI,,
CNT,4.08,60100
CNTPRA,,
CNX,3.37,143600
COA,1.88,18300
COE,,15200
COF,0.30,6372100
COFPRC,,
COG,0.64,114900
COH,,1000500
COL,1.93,749400
COO,0.21,326800
COP,3.12,2251000
COX,,1439000
COY,11.78,35800
CPB,2.90,1232500
CPC,0.59,153200
CPE,,5200
CPEPRA,,
CPF,2.48,11000
CPG,5.47,148100
CPJ,11.16,55300
CPK,5.79,5000
CPN,,7777700
CPO,1.34,126600
CPP,7.59,0
CPRF,,
CPRG,,
CPRH,,
CPRM,,
CPRN,,
CPRQ,,
CPRR,,
CPRV,,
CPRW,,
CPRX,,
CPRZ,,
CPS,,365100
CPT,7.56,157100
CPV,7.79,59600
CPY,4.24,29500
CPZPRA,,
CQB,,195000
CQBWS,,
CR,2.27,243000
CRA,,234400
CRC,,1900
CRDA,,
CRDB,,
CRE,7.81,515300
CREPRB,,
CREPRC,,
CREPRD,,
CRF,16.47,17600
CRH,7.24,2600
CRK,,100700
CRL,,699500
CRN,,65300
CRO,,
CRR,1.04,69600
CRS,2.92,59300
CRT,11.03,3400
CRY,,76200
CSC,,1696700
CSDPRA,,
CSK,5.07,40600
CSL,2.06,329700
CSP,8.38,15100
CSS,1.17,6100
CSU,,2300
CSV,,49100
CSX,1.33,1459100
CT,10.12,600
CTA,,
CTB,3.13,230700
CTG,,25400
CTI,,
CTL,0.78,1224600
CTLPRA,,
CTR,3.00,78700
CTS,1.71,73800
CTV,,97600
CTX,0.27,1296500
CUM,4.71,648000
CUR,,
CUZ,5.58,155000
CV,5.10,16600
CVB,7.24,1300
CVC,,1046300
CVD,,637600
CVEPR,,
CVEPRL,,
CVEPRU,,
CVG,,559200
CVH,,720400
CVI,7.51,0
CVS,0.94,2446600
CVT,6.64,72200
CVW,7.91,500
CVX,4.38,2870400
CW,1.01,19600
CW.B,1.01,0
CWEPRT,,
CWF,12.13,29000
CWN,8.32,57100
CWNPRA,,
CWT,4.29,26300
CWZ,10.97,2800
CXE,7.86,22200
CXH,6.79,6300
CXP,0.53,7600
CXR,,173300
CXT,5.36,0
CXW,,210300
CXWPRA,,
CXWPRB,,
CY,,1027600
CYE,12.17,126900
CYF,8.37,1200
CYG,8.73,1700
CYH,,2117600
CYK,9.66,1900
CYN,1.86,87400
CYP,7.36,200
CYR,7.94,22200
CYT,,356700
CZB,7.37,3700
CZN,,1023100
CZNPR,,
D,4.51,1262800
DAB,,31300
DAL,1.02,6085500
DBD,1.84,218600
DCA,8.04,1200
DCI,0.91,207900
DCN,0.50,479600
DCO,,17500
DCP,8.62,2900
DCQ,6.67,11100
DD,3.47,3035400
DDE,2.13,23700
DDF,10.56,21400
DDPRA,,
DDPRB,,
DDR,6.45,212600
DDRPRC,,
DDRPRD,,
DDRPRF,,
DDS,1.23,502600
DDT,9.74,16700
DE,2.14,1330000
DEL,1.02,3700
DF,,452500
DFG,0.80,68900
DFS,,22600
DFT,9.35,2300
DG,1.04,1742400
DGF,10.51,7100
DGX,,2608800
DHF,13.96,186400
DHI,1.27,818300
DHM,8.52,1000
DHR,0.15,1227900
DHY,12.15,71200
DIS,1.15,8070500
DIV,7.97,8500
DJ,2.55,1014800
DJO,,20200
DJT,,23100
DKA,3.76,3100
DKC,4.03,3700
DKE,16.47,144000
DKS,,895200
DL,0.83,740600
DLM,,843100
DLP,1.04,181800
DLW,,2400
DLX,3.41,440100
DMGPRA,,
DMN,4.93,53500
DNA,,1471900
DNB,,196700
DNP,7.73,452000
DNR,,205600
DNY,5.20,446100
DO,2.56,546100
DOL,1.79,2174800
DOM,11.56,26600
DOV,2.26,1184000
DOW,4.64,6963000
DP,0.63,54200
DPH,3.61,1280500
DPL,7.18,310300
DPRA,,
DPRU,,
DQC,6.22,11900
DQE,7.75,514500
DQPRA,,
DQUPRA,,
DQUPRB,,
DQUPRC,,
DQUPRD,,
DQUPRE,,
DQUPRG,,
DQZ,7.38,7600
DRD,,293600
DRE,6.59,300800
DREPRD,,
DREPRE,,
DREPRI,,
DRF,,118300
DRI,0.42,1116100
DRL,1.47,953300
DRQ,,7300
DRS,,258900
DSL,0.86,53300
DSM,7.07,52300
DSS,,326800
DST,,377800
DSU,12.37,182600
DSW,6.83,8000
DTA,7.58,5100
DTB,7.50,1900
DTE,5.31,786900
DTEPRA,,
DTEPRB,,
DTF,6.16,4700
DTG,,190500
DTH,7.30,4100
DUC,7.13,40600
DUK,7.46,5239000
DUKPRA,,
DUKPRQ,,
DUKPRT,,
DUKPRU,,
DUKPRV,,
DUKPRW,,
DUR,15.46,52700
DUT,6.44,18700
DV,,340900
DVA,,233900
DVD,1.09,27100
DVI,,4500
DXB,9.87,5000
DY,,786600
DYN,,3299200
EAC,,30600
EAIPRA,,
EAS,5.44,361500
EAT,,623700
EBF,5.51,26600
EC,1.74,627400
ECL,1.15,774000
ECT,7.65,12900
ED,5.67,448200
EDE,7.01,41600
EDEPRD,,
EDF,11.91,42900
EDL,,
EDO,0.70,118500
EDPRA,,
EDPRC,,
EDS,3.44,2745800
EDSPRI,,
EDV,6.89,14700
EE,,59900
EEP,8.63,116900
EEQ,9.54,50800
EF,12.63,36500
EFL,9.09,8500
EFX,0.40,557700
EGN,2.25,145900
EGP,7.20,28900
EGPPRA,,
EGSPRA,,
EHA,6.25,7100
EHB,5.74,19000
EHL,7.13,4600
EIX,,721400
EIXPRA,,
EIXPRB,,
EK,5.65,2367400
EL,0.67,860000
ELK,1.03,141800
ELX,,3132800
ELY,2.21,302900
EMC,,10098000
EMD,10.69,2900
EME,,99800
EMF,1.74,16700
EMN,5.97,619500
EMO,7.54,1300
EMQ,5.76,21200
EMR,3.28,1396800
ENC,,11700
ENN,8.07,118700
ENNPRA,,
ENP,,
ENR,,343900
ENSPRF,,
ENZ,,40700
EOG,0.42,971600
EOP,7.60,1540100
EOPPRB,,
EOPPRC,,
EOPPRE,,
EOPPRF,,
EOPPRG,,
EP,2.51,6796300
EPB,6.69,17500
EPD,6.37,117700
EPI,6.93,23300
EPL,,105500
EPN,8.51,139400
EPPRA,,
EPPRC,,
EPR,7.37,58500
EPRPRA,,
EQR,6.87,1253100
EQRPRB,,
EQRPRC,,
EQRPRD,,
EQRPRE,,
EQRPRG,,
EQRPRH,,
EQRPRL,,
EQS,,3600
EQT,1.79,187100
EQY,6.69,276900
ERE,7.32,4100
ESA,,321200
ESE,,68000
ESI,,407800
ESL,,27100
ESS,5.65,56300
ESV,0.39,2108700
ET,,3035200
ETF,,6600
ETH,0.74,342800
ETM,,434700
ETN,2.31,1178400
ETR,3.01,1774000
ETR,3.01,1774000
ETS,,894700
ETT,9.16,8000
EV,1.12,303100
EVC,,330600
EVF,5.93,80100
EVG,,94700
EVN,7.74,14100
EW,,269500
EWF,1.32,34100
EXC,3.63,1095900
EY,,13900
EYE,,268600
F,4.71,10301400
FA,,10900
FAF,1.56,300300
FB,15.25,161800
FBAPRT,,
FBC,1.39,75500
FBCPRO,,
FBCPRP,,
FBF,5.47,3747200
FBFPRJ,,
FBFPRK,,
FBFPRL,,
FBFPRM,,
FBN,,184700
FBR,13.84,473100
FC,,26900
FCEA,,
FCEB,,
FCF,5.09,283100
FCH,8.65,460700
FCHPRA,,
FCHPRB,,
FCJ,7.93,65700
FCN,,319400
FCO,6.79,10900
FCP,3.74,2500
FCS,,498700
FCX,1.97,1348400
FCXPRA,,
FCXPRB,,
FCXPRC,,
FCXPRD,,
FCZ,7.86,92300
FD,,1087700
FDC,0.22,6433400
FDO,0.89,866100
FDS,0.61,409800
FDX,0.34,2537600
FE,4.72,1321400
FED,,55200
FF,1.17,9000
FFG,2.00,2100
FGP,9.66,36200
FIC,0.16,357300
FIF,,105900
FIGPRA,,
FIGPRB,,
FII,0.81,15043000
FIX,,76200
FJC,3.64,33300
FJCPRA,,
FLA,0.40,25200
FLAB,,
FLE,3.39,87700
FLM,,
FLO,0.71,203100
FLR,1.80,691700
FLS,,297100
FLTPRG,,
FLTPRH,,
FLTPRI,,
FMC,,155900
FMI,6.71,14100
FMK,,10000
FMN,7.09,4900
FMT,1.63,325800
FMTPR,,
FNF,1.67,774400
FNM,2.18,7514400
FNMPRF,,
FNMPRG,,
FNMPRH,,
FNMPRI,,
FNMPRJ,,
FO,2.36,721400
FOB,,3900
FOE,2.74,237500
FON,4.23,7271800
FOPRA,,
FOX,,4665300
FPCPRA,,
FPF,,24700
FPL,4.07,941000
FPLPRA,,
FPLPRB,,
FPRS,,
FPRT,,
FPT,5.58,17500
FR,9.45,217000
FRC,,30800
FRE,1.85,6941400
FREPRB,,
FREPRD,,
FREPRF,,
FREPRG,,
FREPRH,,
FREPRK,,
FREPRL,,
FREPRM,,
FREPRN,,
FREPRO,,
FREPRP,,
FREPRQ,,
FREPRR,,
FRF,,3800
FRK,1.12,45900
FRPRC,,
FRPRD,,
FRPRE,,
FRT,6.27,139500
FRTPRA,,
FRTPRB,,
FRX,,2489700
FSA,6.93,4600
FSB,6.52,9200
FSE,6.20,29100
FSH,,1033400
FSS,5.10,287100
FST,,597200
FT,10.15,25700
FTD,5.79,3800
FTI,,552100
FTN,2.97,875300
FTO,1.17,195800
FTS,,595600
FUL,1.89,83100
FUN,7.03,65500
FUR,23.67,25200
FURPRA,,
FVB,2.76,132600
FWC,,148200
FWCPRA,,
FWJ,7.03,3000
G,2.04,2107200
GAB,15.34,172400
GABPR,,
GABPRB,,
GAM,0.24,19900
GAMPR,,
GAP,,39200
GAS,6.44,202800
GB,,308600
GBL,,237100
GBLPRI,,
GBM,5.65,705200
GBP,9.01,96200
GBPPRA,,
GCH,0.47,16000
GCI,1.29,1053700
GCO,,271800
GCV,8.09,16200
GCVPR,,
GD,2.30,2621600
GDF,11.30,16100
GDI,,33700
GDP,,5400
GDT,0.89,1305000
GDW,0.46,545100
GE,2.74,20398900
GEA,6.23,76800
GEC,5.92,89900
GEF,2.99,35200
GEF.B,2.99,0
GEG,,142300
GER,0.22,27000
GES,,9900
GET,,25200
GF,,74000
GFF,,65900
GFR,0.64,2500
GGC,1.46,164800
GGG,1.14,94500
GGP,5.30,248000
GGPPRA,,
GGT,,7500
GGTPR,,
GHI,10.69,48400
GI,,23800
GIM,6.19,219400
GIS,2.39,1279600
GJM,7.39,64400
GL,11.17,115400
GLB,10.78,101100
GLBPRA,,
GLK,1.54,296200
GLPRA,,
GLRPRA,,
GLRPRB,,
GLT,6.35,49100
GLW,,9309600
GM,5.54,8694300
GMA,7.33,39200
GME,,88400
GMH,,7601200
GMP,3.69,11100
GMR,,54300
GMT,8.38,1075000
GMTPR,,
GMW,7.35,33700
GNI,8.56,1200
GOT,,7000
GP,3.48,991500
GPB,6.47,10300
GPC,3.70,363000
GPD,6.88,3600
GPEPRA,,
GPEPRW,,
GPF,6.28,3200
GPI,,329900
GPK,,74600
GPN,0.50,315500
GPS,0.55,6979300
GPT,2.64,653200
GPX,,64300
GR,5.63,468300
GRA,,79400
GRB,,19500
GRD,6.96,800
GRH,7.09,700
GRK,6.92,6300
GRMPRA,,
GRO,,
GRP,,1156000
GRPRA,,
GRR,,5900
GRT,9.31,105100
GRTPRB,,
GS,0.64,6723400
GSB,,
GSE,,22900
GSUPRB,,
GSUPRD,,
GSUPRE,,
GSUPRG,,
GT,,1965100
GTI,,106900
GTK,,605600
GTN,0.89,177800
GTN.A,,
GTW,,1883800
GTY,8.30,45000
GTYPRA,,
GTY.T,,
GUPPRB,,
GUPPRC,,
GUT,6.76,48700
GVA,2.36,100400
GVT,4.50,54300
GWR,,159000
GWW,1.57,555900
GXM,4.64,602800
GXP,6.70,214000
GXPPRA,,
GXPPRD,,
GXPPRE,,
GY,1.63,185900
GYI,,285100
HAE,,31200
HAL,2.31,4241300
HAR,0.16,455300
HAS,0.81,1086200
HAT,5.66,2400
HB,2.03,114800
HBCPR,,
HBG,1.45,15300
HBP,,21000
HC,,425900
HCA,0.22,44981000
HCC,0.98,155000
HCN,8.44,159800
HCNPRB,,
HCP,9.58,360100
HCPPRA,,
HCPPRB,,
HCPPRC,,
HCR,,1523900
HD,0.90,12118600
HDI,0.33,2717100
HDL,,122100
HE,6.12,90300
HEI,0.58,24300
HEI.A,,
HEPRQ,,
HEPRS,,
HEPRT,,
HET,,732100
HEW,,98200
HFPRM,,
HGM,7.36,49700
HGR,,196700
HGT,13.71,49800
HHS,0.66,120600
HI,3.54,99512896
HIB,3.44,539200
HIF,8.59,5400
HIG,2.73,1649800
HIGPRA,,
HIGPRC,,
HIGPRQ,,
HIO,9.65,179400
HIPRE,,
HIPRF,,
HIPRG,,
HIPRH,,
HIPRM,,
HIPRN,,
HIPRO,,
HIPRP,,
HIPRS,,
HIPRT,,
HIPRV,,
HIPRX,,
HIPRZ,,
HIS,10.26,46100
HIW,11.11,165700
HIWPRB,,
HIWPRD,,
HIX,12.23,155200
HKF,2.77,116100
HL,,686600
HLIPRA,,
HLIPRB,,
HLN,7.97,9100
HLPRB,,
HLR,2.29,184600
HLT,0.62,2168600
HMA,0.41,5266800
HME,7.13,59600
HMEPRF,,
HMN,3.06,102900
HMT,,1215700
HMTPRA,,
HMTPRB,,
HMTPRC,,
HMX,,5000
HNI,1.79,111500
HNR,,48700
HNT,,550600
HNZ,3.59,1076900
HNZPR,,
HON,3.35,3432900
HOT,3.32,1376000
HOV,,385400
HP,1.22,203400
HPC,,296400
HPCPRA,,
HPF,8.68,48200
HPG,8.89,13800
HPI,8.65,57200
HPQ,2.01,13483900
HPT,9.90,424000
HPTPRA,,
HPTPRB,,
HQH,2.34,46800
HQL,2.25,18200
HR,9.51,217300
HRB,1.76,1569200
HRC,,
HRH,1.09,327400
HRL,1.89,286700
HRP,8.90,286400
HRPPRA,,
HRPPRB,,
HRPRA,,
HRS,1.17,425300
HSC,3.21,161400
HSF,8.05,12800
HSM,8.91,16500
HSP,,404800
HSY,2.03,364900
HTG,8.27,59400
HTO,5.10,49000
HTR,9.05,37700
HTRRTWI,,
HTV,,153800
HU,3.57,135100
HUBA,,
HUBB,,
HUF,,10400
HUG,1.52,549900
HUM,,1470400
HVT,2.03,26700
HVTA,,
HWK,,2600
HXL,,2900
HYB,9.29,88400
HYC,,55900
HYF,11.93,144000
HYI,8.90,20400
HYN,,4300
HYP,10.34,26900
HYV,11.34,61700
HYW,11.53,40600
HZO,,3300
IAL,6.27,3900
IAS,,
IBC,2.80,296100
IBM,0.75,13617600
ICB,6.13,14700
ICN,3.83,374700
ICS,4.99,11200
IDA,7.90,135800
IDC,,69500
IDE,,9100
IDG,,18300
IDT,,94400
IDT.B,,0
IEM,,500
IES,,64800
IEU,7.87,400
IEX,1.90,198400
IFC,1.40,82800
IFCPRM,,
IFCPRN,,
IFCPRO,,
IFCPRP,,
IFF,1.87,242500
IFN,0.86,175200
IFS,,51000
IGF,,6700
IGI,,135400
IGL,0.84,942900
IGT,,1197300
IHI,,13400
IHP,4.15,98100
IHR,,6800
IIC,6.22,3600
IIF,0.29,24600
IIM,6.15,29400
IIS,5.57,5000
IJD,8.33,15200
IKJ,6.18,26900
IKN,2.06,971300
ILA,,3622200
ILD,12.15,43200
IM,,416900
IMB,6.04,20000
IMC,,86300
IMJ,7.98,1300
IMK,7.58,16000
IMN,,166200
IMR,,12300
IMS,4.84,11400
IMT,6.06,26900
IN,,238600
INT,1.50,12800
INV,,19900
IO,,105300
IOM,,134900
ION,,63400
IP,2.95,2987000
IPG,3.80,7207200
IPP,7.77,27800
IPX,1.66,4100
IQC,6.25,7000
IQI,6.44,21600
IQM,6.32,32100
IQN,6.13,10400
IQT,6.75,18800
IR,1.67,1026200
IRF,,964900
IRL,,3400
IRM,,215400
IRT,,
ISH,3.18,6600
ISL,,6600
ISP,,
IT,,157500
ITA,,
ITG,,462300
ITPRB,,
ITT,1.11,368700
ITW,1.44,1859800
IVC,0.15,61400
JAH,,137100
JASA,,
JASB,,
JBL,,2038000
JBX,,100600
JCD,10.54,200800
JCI,1.84,608400
JCP,2.83,8195800
JDN,,
JDNPRA,,
JEC,,1256400
JEF,0.53,311700
JEQ,,17700
JFC,,14000
JFI,,26600
JH,1.26,151100
JHF,1.10,748800
JHI,6.36,4600
JHP,8.18,35000
JHS,5.91,9200
JLG,0.36,167600
JLL,,41200
JM,,
JNC,2.20,50100
JNJ,1.42,13150800
JNS,0.32,1058500
JNY,,539100
JOE,0.28,169000
JOF,,72500
JP,3.34,697100
JPM,5.12,13330600
JPMPRA,,
JPMPRH,,
JPMPRJ,,
JPMPRL,,
JPMPRN,,
JPS,8.29,326300
JPT,6.98,35500
JRC,,74800
JRL,7.91,2100
JTP,8.34,172500
JWA,,
JWB,,
JWL,,9100
JWN,2.38,480500
JYPPR,,
JYPPRZ,,
K,3.17,1439600
KBH,0.64,627600
KCC,10.31,24300
KCH,6.77,1900
KCJ,6.68,800
KCN,7.81,5400
KCO,6.74,0
KCP,,141100
KCS,,64000
KCT,7.10,2100
KCV,7.57,2600
KCW,9.21,700
KCX,7.13,3300
KDE,,139500
KDN,2.43,120900
KE,8.82,35200
KEF,,17900
KEG,,923600
KEI,1.27,25900
KEM,,173400
KEX,,103400
KEY,5.12,1379100
KF,1.38,86900
KFT,2.06,3825100
KFY,,72300
KG,,2262000
KGT,5.19,24200
KHI,9.27,43700
KIM,5.98,192600
KIMPRA,,
KIMPRB,,
KIMPRC,,
KKD,,357000
KLTPRT,,
KMB,2.89,1809900
KMG,4.46,624500
KMI,1.34,487100
KMM,8.85,22100
KMR,7.37,47200
KMT,2.32,226800
KMX,,929000
KNH,7.88,3100
KNO,6.36,5500
KNR,6.54,1100
KNW,4.02,6200
KO,2.07,3907400
KOB,7.28,500
KOE,7.88,4600
KOH,8.73,5400
KOK,6.61,1200
KOS,7.04,2400
KPA,4.64,37300
KPAPRA,,
KPC,8.41,500
KPP,8.50,108900
KR,,2846800
KRB,2.00,12640900
KRBPRA,,
KRBPRB,,
KRBPRC,,
KRBPRD,,
KRBPRE,,
KRC,8.43,87500
KRD,7.24,2600
KRH,22.31,4600
KRI,1.73,777500
KRJ,10.13,3300
KRK,6.70,2700
KRL,8.26,1300
KRT,8.58,29500
KRTPRD,,
KRV,7.13,2700
KSA,10.58,16500
KSE,5.49,682300
KSEPRA,,
KSK,8.15,10000
KSL,8.09,38200
KSM,7.29,1600
KSO,6.67,1700
KSS,,2185200
KST,9.07,5100
KSU,,300500
KSUPR,,
KT,,1000
KTB,6.63,7100
KTE,7.14,0
KTF,6.63,30000
KTH,7.30,5500
KTJ,8.10,1000
KTK,7.42,0
KTN,7.95,4000
KTO,,116800
KTR,7.60,11700
KTS,7.59,400
KTV,7.19,1900
KTX,9.88,4500
KTZ,7.37,500
KVA,,
KVB,,
KVF,7.81,100
KVJ,6.64,2400
KVL,2.91,9600
KVM,4.95,1300
KVN,3.13,3000
KVO,7.04,800
KVP,3.68,2800
KVZ,6.60,32100
KWD,2.22,105000
KWK,,39400
KWR,3.79,20000
KYT,11.69,40600
KZL,,1900
L,,4714100
LAB,1.71,998000
LAD,,61600
LAF,1.94,49000
LAM,,
LAQ,2.10,22000
LBF,8.85,37300
LBI,,2300
LBY,1.66,24700
LC,2.22,26200
LDF,2.55,3100
LDG,3.50,115200
LDL,,2800
LDR,3.92,27200
LEA,,788600
LEE,1.99,179000
LEG,2.68,509100
LEH,0.77,2391100
LEHPRC,,
LEHPRD,,
LEHPRE,,
LEHPRI,,
LEHPRJ,,
LEN,0.09,1003700
LEO,7.45,66500
LEVP,,
LF,,427900
LFB,1.13,90800
LFG,0.67,91300
LG,5.65,16200
LGPRA,,
LH,,4450100
LHO,6.40,33200
LHOPRA,,
LII,2.62,182700
LIN,,1027500
LIZ,0.72,544200
LLL,,1667300
LLY,2.25,2476700
LM,0.83,278400
LMC.B,,
LMS,,39800
LMT,1.08,2111300
LNC,4.44,1481200
LNCPR,,
LNCPRV,,
LNCPRZ,,
LND,7.82,7500
LNN,0.63,16600
LNR,0.14,113300
LNT,5.95,114700
LNV,7.64,19100
LNY,0.56,197000
LOR,,1064700
LOW,0.23,6147000
LPLPRB,,
LPX,,300900
LQI,,555000
LQIPR,,
LRT,13.31,47200
LRW,,60900
LRY,7.75,276800
LSI,,2809600
LSS,,471900
LTC,8.40,52500
LTCPRA,,
LTCPRB,,
LTD,2.89,1683500
LTR,1.49,1377400
LTV,,
LU,,16803900
LUB,,31300
LUK,0.68,51400
LUV,0.12,2453300
LVB,,8600
LXA,,
LXK,,1452500
LXP,7.49,124500
LYO,6.28,722500
LZ,3.37,336900
LZB,2.22,258000
MAA,9.55,19900
MAAPRA,,
MAAPRB,,
MAAPRC,,
MAAPRF,,
MAC,6.92,245800
MAF,6.59,3700
MAG,,41400
MAL,24.81,16500
MAN,0.61,1016500
MAR,0.82,1250000
MAS,2.77,2185700
MAT,0.22,1766500
MAY,4.68,949100
MBD,6.80,800
MBE,7.13,3300
MBG,,1511800
MBI,1.87,925600
MCA,6.29,20500
MCC,,300
MCD,1.50,5099400
MCH,4.43,145500
MCI,7.20,9300
MCK,0.96,1449100
MCNPRS,,
MCO,0.38,427500
MCR,6.17,55100
MCS,1.52,13500
MCY,3.42,98400
MDA,,3300
MDC,0.73,214100
MDP,0.94,250700
MDR,,398200
MDS,,42200
MDT,0.53,3025500
MDU,3.40,115200
MEE,1.67,113700
MEG,1.48,103100
MEH,,493900
MEL,2.23,3593400
MEN,6.64,50900
MEPRA,,
MEPRB,,
MER,1.61,6501300
MERPRA,,
MERPRB,,
MERPRC,,
MERPRD,,
MERPRE,,
MERPRF,,
MET,0.75,1753300
MF,5.67,1400
MFA,12.17,227300
MFI,50.00,83300
MFL,6.46,106100
MFM,7.35,27400
MFT,6.16,9700
MFV,9.57,2000
MFW,,6200
MGAPRB,,
MGB,9.19,2800
MGC,1.50,7200
MGF,5.26,51200
MGG,,919500
MGM,,318200
MHC,6.29,21000
MHD,7.68,12300
MHF,7.51,12900
MHK,,325300
MHN,6.48,47200
MHO,0.32,56000
MHP,1.85,1125100
MHR,,155500
MHU,30.77,500
MHX,1.08,305600
MHY,9.41,188000
MI,2.32,786200
MIG,4.96,14700
MIJ,,1200
MIK,,479200
MIL,,641800
MIN,5.68,182900
MIR,,4873100
MIRPRA,,
MIY,6.76,11500
MJB,6.75,4000
MJD,8.33,5200
MJE,6.84,5300
MJH,6.79,3900
MJI,6.16,2400
MJM,8.10,2400
MJN,7.84,37700
MJO,7.93,6300
MJT,7.60,1000
MJV,8.85,13300
MJW,8.07,5400
MJX,6.85,14500
MJY,8.63,3700
MJZ,8.86,4500
MKC,1.77,219100
MKC.V,,
MKE,9.54,2600
MKK,5.40,4900
MKL,,16300
MKS,6.09,19100
MKT,0.36,26600
MLI,,234500
MLM,2.49,267500
MLR,,4400
MLS,7.20,192700
MLSPRB,,
MMA,7.24,68200
MMC,2.44,1046200
MME,,442400
MMM,1.98,2510900
MMR,,46100
MMS,,164000
MMT,6.51,62300
MMU,6.68,23300
MNC,,425800
MNI,0.79,207900
MNP,6.26,8900
MNS,,17100
MNY,2.07,70300
MO,8.13,15945500
MOG.A,,
MOG.B,,
MOK,1.64,14600
MON,3.00,1916700
MOT,2.01,13983600
MOTPRA,,
MOV,0.64,49100
MPA,6.68,14800
MPH,,40900
MPPRB,,
MPPRC,,
MPPRE,,
MPR,2.61,2900
MPS,,1717000
MPT,6.24,1700
MPV,8.16,7000
MPY,7.44,8500
MQT,6.86,25700
MQY,6.80,37000
MRD,0.39,143000
MRF,7.92,9500
MRK,2.54,4516500
MRN,,124200
MRO,3.97,1487600
MRR,6.61,42700
MRX,,179400
MSB,,7200
MSC,,5300
MSD,7.19,77900
MSE,,
MSF,0.09,20100
MSM,,170200
MSO,,118900
MSV,,11500
MSY,7.79,6500
MTB,1.47,403400
MTG,0.25,2839800
MTH,,89200
MTN,,18400
MTPPRA,,
MTR,11.55,1500
MTS,6.07,10300
MTTPRX,,
MTW,1.63,88100
MTX,0.26,172400
MTZ,,53600
MU,,4178700
MUA,6.53,51000
MUC,6.51,40900
MUE,6.52,30100
MUH,7.64,12400
MUJ,6.45,19600
MUKPRA,,
MUO,6.44,3500
MUR,1.83,380700
MUS,6.58,23200
MVC,0.55,10300
MVK,,838000
MVL,,1005800
MVT,7.24,24600
MW,,212100
MWC,7.04,9300
MWD,2.15,6803700
MWJ,6.97,30200
MWL,,92200
MWN,6.87,2400
MWV,4.02,514400
MWY,,476800
MXE,,2300
MXF,3.86,12600
MXG,,
MXO,,2655400
MXT,,1282700
MYC,6.78,27900
MYD,7.32,32700
MYE,1.95,31500
MYF,6.51,9700
MYG,3.35,451600
MYI,6.57,43600
MYJ,6.73,9100
MYK,,31500
MYL,0.49,1265000
MYM,6.51,2800
MYN,6.19,53800
MZ,0.89,31800
NAC,6.66,18000
NAD,6.63,35300
NAEPRT,,
NAP,,14400
NARPR,,
NAV,,975100
NAVPRD,,
NAZ,5.80,28400
NBD,7.54,9200
NBL,0.48,462500
NBM,4.49,3700
NBP,8.22,45000
NC,1.98,8300
NCA,5.20,28400
NCC,4.15,1686200
NCF,3.46,743500
NCFPR,,
NCI,,312900
NCL,6.00,11500
NCO,6.27,13400
NCP,6.33,11800
NCR,,573300
NCS,,26900
NCT,10.53,13100
NDC,0.94,197500
NDE,1.97,193900
NDEPR,,
NDN,,739200
NE,,1587800
NEB,3.27,9700
NEM,0.62,3975100
NET,,3804900
NEU,1.01,396200
NEV,,84400
NEVPRT,,
NFB,3.69,862500
NFG,4.64,169900
NFI,16.56,340400
NFL,5.72,11100
NFS,2.02,374400
NFSPRA,,
NFX,,236100
NGF,3.31,2200
NGI,3.63,4900
NGT,7.59,7000
NHI,10.17,44800
NHIPR,,
NHL,1.36,5500
NHP,12.99,564900
NI,6.12,1006700
NIC,7.75,200
NIF,6.10,5900
NIM,5.40,6700
NIO,6.10,57400
NIPRA,,
NIPRB,,
NJP,7.51,32000
NJR,3.71,47400
NKE,1.05,1562700
NL,4.78,24600
NLS,3.46,697900
NLY,13.17,896700
NMA,6.94,27300
NMGA,,
NMI,5.47,4500
NMKPRB,,
NMKPRC,,
NMKPRN,,
NMO,6.76,47500
NMP,6.02,2900
NMT,5.50,4500
NMY,5.58,5600
NNC,5.46,4200
NNF,6.06,18000
NNJ,6.10,12000
NNN,8.05,69900
NNNPRA,,
NNP,6.35,9900
NNY,5.06,11700
NOC,1.97,1161400
NOCPRB,,
NOCPRE,,
NOI,,451400
NOR,,124100
NORPRA,,
NORPRB,,
NORPRC,,
NORPRD,,
NPC,5.70,5700
NPF,6.80,9200
NPI,6.73,30800
NPK,3.23,7500
NPM,6.79,20000
NPO,,24800
NPP,6.60,44700
NPT,6.68,39300
NPV,5.45,9700
NPX,6.04,28600
NPY,6.38,6900
NQC,6.38,2300
NQF,5.98,5900
NQI,6.21,31700
NQJ,6.13,9000
NQM,6.66,26500
NQN,6.25,16000
NQP,6.08,6800
NQS,6.84,18100
NQU,6.86,70300
NR,,105000
NRL,9.05,28800
NRP,6.90,7200
NRS,7.10,6000
NRT,9.23,4500
NRV,7.64,1200
NRX,7.30,2000
NRY,7.26,11800
NRZ,18.06,5000
NSC,1.41,1666200
NSH,,9200
NSI,,32800
NSL,6.45,39100
NSM,,2711800
NSPPRT,,
NSRPR,,
NSS,,28700
NST,5.28,163500
NTC,5.29,2400
NTG,,57300
NTX,6.44,5200
NU,3.81,414700
NUC,6.57,9700
NUE,2.03,1014700
NUF,6.05,7300
NUI,6.41,161200
NUM,5.90,1800
NUN,6.24,19100
NUO,5.70,4600
NUS,2.74,100200
NUT,6.15,4400
NUV,5.49,205200
NVC,6.44,5500
NVH,,24600
NVN,6.24,12800
NVPPR,,
NVPPRB,,
NWK,,118900
NWL,2.75,1265800
NWN,4.99,60800
NX,2.10,42500
NXC,5.06,21900
NXL,8.15,221400
NXLPRB,,
NXN,5.10,1000
NXP,5.37,4500
NXQ,5.45,7000
NXR,5.34,3100
NYA,,
NYB,3.14,562400
NYM,1.14,16400
NYT,1.16,628900
O,6.28,74800
OCA,,385900
OCN,,26200
OCQ,0.72,5700
OCR,0.33,712900
ODC,3.40,1200
ODP,,3087600
OECPRA,,
OECPRB,,
OECPRC,,
OECPRD,,
OEI,0.82,942100
OFC,5.72,108200
OFCPRB,,
OFCPRE,,
OFCPRF,,
OFG,2.55,37900
OGE,7.54,234000
OGEPR,,
OHI,,57500
OHIPRA,,
OHIPRB,,
OHP,,750200
OI,,408300
OIA,7.27,23400
OIB,6.62,16700
OIC,6.57,8700
OII,,171000
OIPRA,,
OIS,,201300
OJB,7.33,1500
OKE,3.62,1290100
OLN,4.21,289700
OMC,1.33,2255300
OME,,21700
OMG,5.65,850000
OMI,1.88,51300
OMM,,210900
OMN,6.31,20800
OMS,6.08,20500
OMX,,628900
ONB,3.47,77200
ONBPRA,,
ONBPRB,,
ONE,2.28,9925700
ONEPRJ,,
ONEPRT,,
ONEPRU,,
ONEPRV,,
ONEPRW,,
OO,,240400
OPRB,,
OPRC,,
ORB,,203000
ORBWS,,
ORH,0.52,55500
ORI,2.28,259600
OS,,47300
OSG,3.33,59500
OSI,1.27,480100
OSK,0.53,69300
OSM,,
OUI,7.41,4500
OXM,3.27,3400
OXY,3.42,1331700
OXYPRB,,
PAA,8.34,97500
PAI,6.58,8100
PAS,0.35,238000
PB,1.10,490500
PBG,0.22,1625800
PBI,3.55,687100
PBIPR,,
PBT,11.73,28800
PBY,3.38,487500
PCEPR,,
PCEPRA,,
PCEPRI,,
PCF,7.89,15400
PCG,,1030500
PCH,2.77,117100
PCK,6.84,49800
PCL,6.22,685700
PCM,7.89,17900
PCN,8.55,86700
PCO,,169600
PCP,0.47,206800
PCQ,6.55,8700
PCS,,4985600
PCT,9.10,7500
PCU,2.43,20000
PCV,7.50,12500
PD,,1064100
PDE,,1087100
PDF,7.16,8800
PDPRA,,
PDQ,,157700
PDT,7.62,6200
PDX,,181800
PECPRX,,
PEF,,
PEG,5.82,1302600
PEGPRA,,
PEGPRB,,
PEGPRC,,
PEGPRD,,
PEGPRE,,
PEGPRP,,
PEGPRR,,
PEGPRS,,
PEGPRT,,
PEGPRU,,
PEGPRX,,
PEI,7.01,60500
PEO,2.74,11600
PEP,1.46,4032300
PEPRA,,
PEPRB,,
PEPRC,,
PEPRD,,
PEPRX,,
PER,,241000
PFA,6.39,160000
PFB,1.20,16000
PFD,6.52,4100
PFE,1.87,24475000
PFG,0.85,845400
PFH,8.68,2200
PFO,6.64,20000
PFV,8.39,9800
PFX,7.52,21100
PG,1.83,3375400
PGB,8.49,3200
PGD,8.27,7800
PGE,,44200
PGEPRB,,
PGF,16.50,0
PGL,5.76,179400
PGM,7.63,18800
PGN,5.68,944100
PGR,0.15,1460100
PGWI,,
PH,1.92,2171500
PHA,1.20,7635300
PHAWI,,
PHH,11.41,76700
PHM,0.29,692800
PHY,12.40,67800
PIA,6.29,15000
PIF,6.06,32500
PII,2.46,1264200
PIK,,5500
PIL,8.07,6200
PIM,7.26,98800
PIR,1.43,865600
PIS,8.46,5400
PIY,8.45,4900
PJA,12.35,2600
PJH,8.06,4200
PJJ,10.48,12900
PJK,6.78,3500
PJL,2.55,2400
PJR,1.68,4800
PJS,3.64,7400
PJT,4.47,13100
PKD,,215000
PKE,1.49,75300
PKG,,279700
PKH,12.61,1800
PKI,3.17,819600
PKJ,7.84,3300
PKK,8.47,500
PKM,11.59,8500
PKO,8.05,18200
PKS,,225800
PKSPRB,,
PKY,6.60,90600
PKYPRA,,
PL,2.03,118700
PLA,,12400
PLAA,,
PLB,,118400
PLD,5.51,335600
PLDPRD,,
PLDPRE,,
PLL,1.76,557000
PLP,,35800
PLPRA,,
PLPRS,,
PLT,,104600
PLX,,44700
PLXWI,,
PMBPR,,
PME,,124400
PMF,6.89,31000
PMG,7.42,8200
PMH,5.67,11200
PMI,0.38,1335100
PML,7.05,111500
PMM,7.53,39600
PMO,7.78,12500
PMS,,
PMT,7.48,77000
PMX,7.02,59800
PNC,4.35,1405500
PNCPRC,,
PNCPRD,,
PNF,6.68,1700
PNG,1.70,13900
PNI,6.93,26400
PNK,,37300
PNM,4.15,138000
PNN,1.88,12400
PNNA,,
PNP,5.10,163600
PNR,2.30,237200
PNW,5.18,302700
PNX,2.22,322400
PNXPRA,,
PNY,4.58,126900
POB,6.42,15900
POG,0.72,109200
POH,5.72,18100
POI,,5900
POL,5.91,823700
POM,6.05,402400
POMPRT,,
POP,2.55,37300
POS,,3632000
PP,8.15,115500
PPB,6.95,5100
PPD,,65900
PPE,,728400
PPF,6.55,9500
PPG,3.75,668000
PPL,4.31,639100
PPLPRA,,
PPLPRB,,
PPLPRCCL,,
PPLPRE,,
PPM,6.59,26400
PPP,0.51,216000
PPR,6.25,291800
PPS,7.21,254700
PPSPRA,,
PPSPRB,,
PPSPRC,,
PPT,7.35,223500
PPWPRA,,
PPWPRB,,
PPX,8.47,47400
PQE,,218500
PR,,156500
PRA,,102700
PRI,5.51,100
PRM,,164800
PRU,1.30,1640300
PRV,,528300
PRX,,516800
PSA,5.66,210400
PSAPRB,,
PSAPRC,,
PSAPRD,,
PSAPRE,,
PSAPRF,,
PSAPRK,,
PSAPRL,,
PSAPRM,,
PSAPRQ,,
PSAPRR,,
PSAPRS,,
PSAPRT,,
PSAPRU,,
PSAPRV,,
PSC,2.57,95400
PSD,4.60,2312700
PSDPR,,
PSDPRC,,
PSRPRC,,
PSS,,398000
PSTPRA,,
PTA,,7500
PTC,,3000
PTM,7.99,6700
PTP,1.29,194300
PTPPRM,,
PTV,,562700
PTY,10.52,388500
PTZ,1.61,38500
PVA,2.34,70300
PVH,1.14,18100
PVN,,4173500
PVR,8.02,20800
PWN,0.47,66100
PWR,,92500
PX,1.50,1382900
PXD,,435100
PXPWI,,
PXR,,318700
PYM,6.72,18900
PYN,6.90,5300
PYX,,38000
PZB,0.69,315900
PZC,6.88,65500
PZN,,
Q,1.32,2756800
QRAY,,
R,2.91,216300
RA,8.84,562600
RAD,,6287500
RAH,,60400
RAM,,22300
RAPRA,,
RAS,11.18,76600
RBK,,476900
RBN,1.55,55600
RBSPRK,,
RBT,,0
RBV,6.76,10100
RCI,,302600
RCL,3.25,931400
RCS,7.57,56700
RDA,1.86,215000
RDC,,1001700
RDK,2.70,54700
RDN,0.23,959500
RDO,,4800
RE,0.60,700100
REG,6.15,85000
REM,,69100
REPRA,,
RES,1.00,4100
RET,6.01,300
REV,,11300
REY,1.57,336800
RF,3.65,504000
RFI,6.92,12400
RFPR,,
RFS,9.67,174400
RGA,0.91,189800
RGAPRA,,
RGB,,2800
RGC,3.12,197100
RGE,6.15,7600
RGM,7.26,120200
RGR,9.32,72500
RGS,0.45,139500
RHB,,143400
RHD,,53200
RHI,,769200
RHT,,30000
RI,0.23,334000
RIG,0.59,2127000
RIT,8.74,31100
RJF,1.29,164800
RJR,11.38,976700
RKT,2.28,36200
RKY,1.63,316600
RL,,175400
RLF,9.15,52700
RLI,1.23,70400
RMD,,88700
RMK,,319300
RML,0.88,81000
RNA,,218000
RNE,,1600
RNS,8.13,800
RNT,0.18,65500
RNTA,,
ROC,,12700
ROG,,54500
ROH,2.70,1054600
ROK,3.11,736700
ROL,0.85,104100
ROP,1.16,109400
ROU,,
ROV,,108200
ROW,7.14,7500
RPF,9.48,63100
RPM,4.71,365700
RPT,7.50,12400
RPTPRB,,
RQI,9.30,55900
RRA,,64000
RRC,,99800
RRE,8.89,113300
RRI,,1320600
RS,1.58,21800
RSC,,19300
RSE,4.81,151900
RSEPRB,,
RSEPRZ,,
RSG,,910100
RSH,0.93,923700
RST,,15400
RT,3.08,36900
RTI,,10100
RTN,2.86,1920000
RTNPR,,
RUS,3.38,13900
RVT,10.49,196600
RVTPR,,
RVTPRA,,
RWT,7.92,54900
RWTPRB,,
RWY,,39300
RX,0.54,1265300
RYL,0.16,704100
RYN,3.02,107800
RZT,,15700
S,3.34,4264000
SACPR,,
SACPRT,,
SAF,,20500
SAH,,153800
SAM,,194600
SBC,5.33,6422200
SBF,1.08,74300
SBG,8.26,29400
SBL,0.20,2375900
SBPPRA,,
SBR,13.38,10200
SBT,6.57,13400
SBW,10.07,12600
SBZ,,3900
SCG,4.51,191200
SCH,0.52,4163100
SCL,3.17,8100
SCLPR,,
SCS,2.75,208800
SCX,5.51,2800
SDE,26.12,138900
SDS,,1291100
SE,,49000
SEE,,474700
SEEPRA,,
SEH,2.02,82700
SEI,,
SEL,6.44,7400
SEM,,286500
SEN,11.90,84300
SENPRI,,
SENPRL,,
SF,1.03,1900
SFA,0.27,1074800
SFD,,617600
SFE,,169300
SFF,22.24,4200
SFG,0.76,98300
SFI,8.83,156800
SFIPRB,,
SFIPRC,,
SFIPRD,,
SFN,,217800
SFP,,26000
SFPRA,,
SFY,,106400
SGF,0.13,9100
SGH,7.16,4200
SGI,,336800
SGK,1.37,3400
SGL,9.22,42400
SGP,3.91,5051700
SGR,,569500
SGU,11.53,60500
SGY,,98400
SHS,3.60,5700
SHU,6.56,160600
SHUPRC,,
SHUPRD,,
SHW,2.24,308700
SIB,3.21,152000
SIE,,201100
SII,,1071700
SIZ,9.46,33600
SIZPRB,,
SJI,4.73,14400
SJIPRT,,
SJM,2.21,172900
SJT,16.28,156400
SKE,,168400
SKO,,126500
SKP,4.73,7400
SKS,,411300
SKT,7.71,22600
SKTPRA,,
SKX,,219100
SKY,2.47,5200
SL,,35300
SLA,7.91,10800
SLB,1.96,2161500
SLE,3.11,1271900
SLG,5.79,121900
SLGPRA,,
SLM,0.87,1003000
SLMPRA,,
SLR,,1500300
SLRPRS,,
SM,0.39,60300
SMF,,12800
SMG,,143300
SMP,3.06,14600
SMT,7.17,26300
SNA,3.62,147700
SNF,8.56,10400
SNHPRZ,,
SNS,,47100
SNV,3.67,2060700
SO,4.81,2224700
SOA,2.56,6600
SOI,3.25,954100
SOIPRV,,
SOL,,39300
SON,3.85,227300
SOPRB,,
SOPRC,,
SOPRD,,
SOR,7.80,12000
SORPR,,
SOV,0.68,819900
SOVPR,,
SOVPRA,,
SP,,22300
SPA,,600
SPC,3.36,796200
SPCPRA,,
SPCPRE,,
SPF,1.13,172700
SPG,6.46,439300
SPGPRB,,
SPGPRF,,
SPGPRG,,
SPH,8.19,34700
SPN,,112000
SPSPRT,,
SPW,,698200
SQAA,,
SQAB,,
SQAPR,,
SQF,6.27,10300
SR,6.18,57300
SRC,16.27,2100
SRE,3.81,1656700
SREPR,,
SREPRA,,
SRF,7.12,18900
SRH,7.16,14300
SRI,,34600
SRJ,7.09,17500
SRP,,431000
SRR,2.31,73300
SRT,,25100
SRV,,279600
SRX,,143200
SRZ,,100200
SSD,,38800
SSP,0.76,201200
SSR,,
SSS,8.35,23600
SSSPRB,,
ST,,20200
STC,,131300
STE,,4245000
STI,3.22,1324700
STIPR,,
STIPRV,,
STJ,,1396800
STK,,420400
STL,3.00,38100
STLPRA,,
STN,,244500
STR,2.46,246900
STT,1.57,3816900
STU,2.80,23300
STW,1.58,15900
STX,,2484400
STZ,,786200
STZB,,
SUG,,60800
SUGPRA,,
SUI,6.45,48600
SUN,2.68,914900
SUP,1.26,404600
SUR,6.98,38400
SVAPR,,
SVC,3.21,115700
SVM,4.12,642400
SVU,3.52,704100
SWC,,592400
SWK,4.74,4234900
SWM,2.74,44500
SWN,,202900
SWOPRA,,
SWS,2.58,62100
SWW,,19000
SWX,4.06,45400
SWXPRA,,
SWY,,2239200
SWZ,11.66,31100
SXI,4.19,1700
SXL,7.23,22800
SXT,2.66,163000
SY,,471300
SYD,,82500
SYK,0.18,1397400
SYM,,4600
SYX,,3300
SYY,1.62,2926700
SZ,,6900
T,5.34,10065500
TAA,,
TAI,7.35,4000
TAP.A,,
TAP.B,,
TAPPRX,,
TAPPRY,,
TBC,2.29,15900
TBI,,90500
TBL,,1729700
TCB,3.36,414000
TCC,,25700
TCH,1.63,49700
TCI,,1000
TCO,5.85,305400
TCOPRA,,
TCR,11.48,77400
TCRPR,,
TCT,7.91,17000
TDA,7.34,32100
TDF,0.63,85300
TDI,6.17,2700
TDW,2.10,479500
TDY,,86300
TE,7.12,2435000
TEDPRF,,
TEDPRK,,
TEDPRL,,
TEE,,
TEI,8.51,114600
TEK,,197600
TEN,,106500
TEPRT,,
TEPRU,,
TER,,2685500
TEX,,175700
TFD,7.09,29800
TFS,,50800
TFX,2.01,111100
TG,1.21,25700
TGI,,27500
TGN,5.77,70500
TGT,0.76,6563900
TGX,,44600
THC,,10330400
THO,0.14,300400
THX,,174300
TIE,,800
TIF,0.58,975000
TII,1.35,30300
TIN,3.27,692400
TINPRD,,
TJX,0.76,3806700
TKF,0.10,15700
TKR,2.96,164500
TLB,1.27,209800
TLI,5.80,28600
TLMPRB,,
TMA,10.96,290200
TMAPRA,,
TMK,0.94,379400
TMKPRS,,
TMKPRT,,
TMO,,557700
TMR,,271400
TMT,3.37,60100
TNB,7.56,220800
TNC,2.64,4800
TNH,18.35,7600
TNL,0.88,89400
TNM,1.82,7300
TNMB,,
TOD,,18000
TOL,,1027500
TOO,,523100
TOY,,850100
TOYPRA,,
TPC,,16400
TPK,4.74,21200
TPL,0.86,2900
TPP,8.06,133000
TPR,,239000
TR,0.91,47800
TRA,,14300
TRB,0.90,1688000
TRC,,4800
TRE,,
TRF,0.45,17500
TRH,0.59,23100
TRI,,3701600
TRK,1.25,45600
TRN,1.55,256900
TRR,,37700
TRU,22.40,55300
TRY,,46900
TRZ,9.04,299100
TSA,,317600
TSG,,618600
TSN,1.84,976100
TSO,,793900
TSS,0.42,159000
TT,,48900
TTC,0.66,162700
TTF,1.71,26000
TTI,,122300
TTN,,547000
TTNPR,,
TUC,,1400
TUEPRA,,
TUEPRB,,
TUG,3.22,3700
TUP,5.99,213500
TVC,6.48,23900
TVE,6.10,29700
TVL,,154700
TW,0.63,16000
TWI,2.11,5300
TWN,,17800
TWP,,45800
TWR,,210300
TXA,4.06,0
TXI,1.56,78700
TXIPRS,,
TXN,0.50,10679000
TXT,4.44,632300
TXTPRA,,
TXTPRB,,
TXTPRT,,
TXU,2.80,1800400
TXUPRA,,
TXUPRB,,
TXUPRC,,
TXUPRD,,
TY,1.48,92500
TYC,0.38,11028100
TYL,,110600
TYPR,,
TZE,7.68,17000
TZF,6.74,900
TZG,6.77,1200
TZI,6.69,100
TZK,8.67,1700
UAG,,145700
UAL,,
UALPRB,,
UALPRT,,
UB,2.74,312100
UBH,2.33,5400
UBP,5.89,3200
UBPA,,
UBT,7.26,10400
UCI,,125200
UCL,2.99,770000
UCO,,45400
UDI,,75500
UDM,7.59,0
UDR,6.91,258800
UDRPRB,,
UDSPRA,,
UEPPRA,,
UEPPRC,,
UEPPRD,,
UEPPRE,,
UFI,,87100
UGI,3.83,181100
UHS,,2681400
UHT,7.26,15100
UIC,3.19,11200
UIL,8.15,34700
UIS,,1520700
UMGPRC,,
UNA,,50200
UNF,0.97,35500
UNH,0.03,3214700
UNM,5.76,1897300
UNN,7.90,19900
UNP,1.58,828200
UNS,3.35,51800
UNT,,307800
UPC,4.85,593100
UPK,,0
UPS,1.44,2631000
URI,,356600
URS,,82800
USA,9.69,173800
USB,4.01,7461400
USBPRA,,
USBPRB,,
USBPRC,,
USBPRD,,
USG,,329000
USI,,128400
UST,6.59,514500
USU,10.09,202300
USV,9.29,48700
USVPRA,,
UTR,6.80,61100
UTX,1.73,2684800
UVN,,1350900
UVV,3.66,58100
UYE,7.88,13800
UZG,8.02,12800
VAL,1.42,609300
VAP,6.60,8000
VAR,,1124900
VAS,,147100
VBF,6.11,10300
VC,3.70,902900
VCD,,39100
VCI,,440200
VCV,6.94,9200
VEA,7.12,3800
VELPRA,,
VELPRE,,
VES,6.72,3500
VFC,2.57,338300
VFM,6.04,2400
VGM,7.00,16600
VGR,13.36,184500
VHI,2.19,10500
VIA,,501600
VIAB,,
VIC,6.97,200
VIG,5.53,1100
VIM,6.51,2000
VIN,6.69,15600
VIT,9.40,27700
VKA,7.01,18600
VKQ,6.36,25400
VKS,7.21,14000
VKV,7.03,17500
VLI,7.59,82900
VLO,1.07,1941700
VLOPRU,,
VLT,9.29,14300
VLY,3.46,228300
VLYPRA,,
VMC,3.08,295200
VMI,1.40,21200
VMO,6.95,31100
VMT,6.03,17100
VNM,6.64,17300
VNO,7.33,452800
VNOPRA,,
VNOPRB,,
VNOPRC,,
VNV,6.63,800
VNX,,50400
VOL,,18300
VOQ,5.82,0
VOT,7.03,16100
VPA,6.51,6400
VPI,1.68,164700
VPQ,6.22,5200
VPV,6.73,4800
VQC,7.11,1800
VRC,,299800
VSH,,678700
VTA,4.85,52000
VTF,6.86,700
VTJ,6.68,9900
VTN,6.77,2600
VTP,6.41,3100
VTR,8.64,700600
VTS,,280600
VVC,5.04,107600
VVI,1.77,243600
VVIPR,,
VVR,6.02,298200
VZ,4.44,5493600
VZC,6.70,16700
WAB,0.35,139500
WAG,0.47,2753900
WAT,,408400
WB,2.88,2758100
WBS,2.12,203800
WC,,49500
WCC,,24300
WCI,,380000
WCN,,199200
WCS,2.66,136300
WDC,,3276100
WDR,2.81,174000
WEA,8.59,15300
WEC,3.14,438500
WECPRA,,
WEG,7.56,39700
WEH,,10400
WEN,0.87,927700
WES,2.68,7900
WESWI,,
WFC,2.56,5883400
WFCPRB,,
WFR,,217800
WFT,,1058900
WGL,4.79,112600
WGO,0.66,801100
WGR,0.61,260300
WGRPRA,,
WH,,
WHC,,28400
WHG,0.59,5200
WHR,2.53,604900
WHX,,5500
WHXPR,,
WHXPRB,,
WIN,1.49,961500
WL,3.57,148200
WLM,3.33,132600
WLP,,2546400
WLS,,6800
WLT,1.25,48600
WLV,,30500
WM,3.18,3733000
WMB,0.74,2418500
WMBPRI,,
WMI,0.05,1708000
WMK,3.46,12700
WMO,3.13,78100
WMS,,42300
WMT,0.66,8849200
WNAPR,,
WNC,0.54,144600
WND,,
WNI,,1500
WON,,429600
WOR,5.12,589400
WPC,6.53,28100
WPD,6.53,24500
WPF,6.55,8100
WPI,,1464800
WPO,0.80,9400
WPS,5.29,87900
WPSPRA,,
WR,5.87,285000
WRC,,130300
WRCPR,,
WRE,5.16,77500
WRI,5.82,65000
WRIPRA,,
WRIPRC,,
WRPRA,,
WRPRB,,
WRS,5.56,31800
WSF,6.53,54600
WSM,,2606200
WSO,1.07,33500
WST,3.95,23900
WTM,,
WTS,1.48,26700
WTU,8.72,24300
WTW,,544000
WW,,77000
WWE,,6300
WWW,1.32,323000
WWY,1.52,586300
WXH,8.57,39400
WXHPRA,,
WXS,,
WY,3.27,893100
WYE,2.60,5521400
WYEPR,,
WZR,,5600
X,1.69,2207600
XAA,6.46,11100
XCH,7.62,22100
XCT,10.29,126000
XEC,,106000
XEL,5.80,1170700
XELPRA,,
XELPRB,,
XELPRC,,
XELPRD,,
XELPRE,,
XELPRG,,
XFA,3.36,1100
XFB,8.03,1600
XFD,6.27,800
XFE,11.49,5800
XFH,8.23,4000
XFJ,5.06,4000
XFK,3.73,1100
XFL,2.39,3000
XFP,1.28,6600
XFR,1.56,0
XGM,7.34,40800
XJT,,500600
XKA,6.91,3000
XKC,9.94,3400
XKD,10.00,2100
XKE,8.43,3200
XKI,8.70,3700
XKJ,7.24,2100
XKK,11.94,19200
XKM,9.73,1300
XKN,8.48,300
XKO,7.17,0
XKP,8.13,1100
XKR,11.43,3700
XKS,7.22,1200
XKX,7.65,4000
XKY,6.32,10200
XNR,,13700
XOM,2.64,8858200
XPP,7.80,7100
XRX,,8021500
XSS,9.62,800
XTO,0.21,806200
XWM,,
Y,,2500
YCC,,77200
YCT,8.07,2500
YRK,2.79,161900
YUM,,1043300
Z,,
ZAP,,2300
ZBPRB,,
ZF,10.56,74800
ZIF,12.33,33600
ZLC,,169200
ZMH,,1142600
ZNT,4.33,63100
ZQK,,214100
ZTR,9.81,178800
